,ID,CUSTOMER_ID,RESTAURANT_ID,Creation_Time,Creation_Day
0,0,23,0,14:20:15,2017-04-03
1,1,27,0,14:53:05,2017-04-03
2,2,13,0,15:12:46,2017-04-03
3,3,41,0,15:37:59,2017-04-03
4,4,23,0,16:33:16,2017-04-03
5,5,22,0,16:40:26,2017-04-03
6,6,17,0,16:41:27,2017-04-03
7,7,38,0,17:34:02,2017-04-03
8,8,55,0,19:42:52,2017-04-03
9,9,55,0,20:02:48,2017-04-03
10,10,58,0,20:45:33,2017-04-03
11,11,58,0,20:47:17,2017-04-03
12,12,80,0,08:21:59,2017-04-04
13,13,17,0,10:06:02,2017-04-04
14,14,1,0,10:36:20,2017-04-04
15,15,56,0,11:13:01,2017-04-04
16,16,13,0,12:58:31,2017-04-04
17,17,38,1,14:40:59,2017-04-04
18,18,84,1,15:03:25,2017-04-04
19,19,34,0,15:24:28,2017-04-04
20,20,22,1,15:48:47,2017-04-04
21,21,79,1,16:54:19,2017-04-04
22,22,79,0,17:04:28,2017-04-04
23,23,1,1,17:12:30,2017-04-04
24,24,38,1,19:09:22,2017-04-04
25,25,115,1,19:27:59,2017-04-04
26,26,100,1,19:48:39,2017-04-04
27,27,119,1,21:41:15,2017-04-04
28,28,41,1,21:50:53,2017-04-04
29,29,27,1,21:54:47,2017-04-04
30,30,20,1,22:17:59,2017-04-04
31,31,17,1,22:30:15,2017-04-04
32,32,7,1,22:32:20,2017-04-04
33,33,2,1,22:58:56,2017-04-04
34,34,2,0,09:02:05,2017-04-05
35,35,22,0,10:03:27,2017-04-05
36,36,48,0,10:04:45,2017-04-05
37,37,149,0,10:10:22,2017-04-05
38,38,81,0,11:25:59,2017-04-05
39,39,123,3,12:03:54,2017-04-05
40,40,55,1,13:00:42,2017-04-05
41,41,73,3,13:02:55,2017-04-05
42,42,1,1,13:57:35,2017-04-05
43,43,115,1,14:19:38,2017-04-05
44,44,15,2,14:30:26,2017-04-05
45,45,1,0,14:33:13,2017-04-05
46,46,167,1,15:00:27,2017-04-05
47,47,26,2,15:08:08,2017-04-05
48,48,65,3,15:21:05,2017-04-05
49,49,134,2,16:09:19,2017-04-05
50,50,58,1,17:21:47,2017-04-05
51,51,150,2,17:24:17,2017-04-05
52,52,83,3,17:32:27,2017-04-05
53,53,145,2,17:36:21,2017-04-05
54,54,153,0,17:38:44,2017-04-05
55,55,97,3,18:09:01,2017-04-05
56,56,131,2,18:35:44,2017-04-05
57,57,50,3,18:38:57,2017-04-05
58,58,102,2,18:52:13,2017-04-05
59,59,3,3,18:54:48,2017-04-05
60,60,74,0,19:13:50,2017-04-05
61,61,119,1,19:14:10,2017-04-05
62,62,169,2,19:28:51,2017-04-05
63,63,160,2,19:44:51,2017-04-05
64,64,81,1,19:52:54,2017-04-05
65,65,102,2,20:29:35,2017-04-05
66,66,161,1,21:10:28,2017-04-05
67,67,124,1,21:51:18,2017-04-05
68,68,88,2,22:19:23,2017-04-05
69,69,81,1,22:43:52,2017-04-05
70,70,113,1,22:57:28,2017-04-05
71,71,85,0,09:20:17,2017-04-06
72,72,159,0,09:37:27,2017-04-06
73,73,119,0,09:39:34,2017-04-06
74,74,95,0,09:59:16,2017-04-06
75,75,148,0,10:58:37,2017-04-06
76,76,112,1,12:01:00,2017-04-06
77,77,17,1,12:18:32,2017-04-06
78,78,113,1,13:16:43,2017-04-06
79,79,203,3,13:23:46,2017-04-06
80,80,41,0,13:26:34,2017-04-06
81,81,131,2,13:36:06,2017-04-06
82,82,190,4,14:17:55,2017-04-06
83,83,114,3,14:29:04,2017-04-06
84,84,85,1,14:36:20,2017-04-06
85,85,5,2,15:03:15,2017-04-06
86,86,76,2,15:47:17,2017-04-06
87,87,12,1,15:57:47,2017-04-06
88,88,38,0,15:59:39,2017-04-06
89,89,53,2,16:12:00,2017-04-06
90,90,159,4,16:16:43,2017-04-06
91,91,77,3,16:24:54,2017-04-06
92,92,42,2,17:19:16,2017-04-06
93,93,58,1,17:24:14,2017-04-06
94,94,147,4,17:57:43,2017-04-06
95,95,59,2,18:04:48,2017-04-06
96,96,204,0,18:25:29,2017-04-06
97,97,129,4,18:38:48,2017-04-06
98,98,24,3,19:47:46,2017-04-06
99,99,60,2,21:58:14,2017-04-06
100,100,41,4,22:07:21,2017-04-06
101,101,168,2,22:15:16,2017-04-06
102,102,29,2,22:15:38,2017-04-06
103,103,85,0,08:13:40,2017-04-07
104,104,81,0,08:18:57,2017-04-07
105,105,2,0,08:49:19,2017-04-07
106,106,191,0,09:28:25,2017-04-07
107,107,101,0,09:53:19,2017-04-07
108,108,235,0,10:31:14,2017-04-07
109,109,84,0,11:23:44,2017-04-07
110,110,256,0,11:29:02,2017-04-07
111,111,209,0,11:38:46,2017-04-07
112,112,12,0,11:56:04,2017-04-07
113,113,88,5,12:16:28,2017-04-07
114,114,132,1,12:32:09,2017-04-07
115,115,149,0,13:02:44,2017-04-07
116,116,18,7,13:14:54,2017-04-07
117,117,146,1,13:55:56,2017-04-07
118,118,185,1,14:05:39,2017-04-07
119,119,245,7,14:22:54,2017-04-07
120,120,224,0,15:59:52,2017-04-07
121,121,75,5,17:02:10,2017-04-07
122,122,18,5,17:03:18,2017-04-07
123,123,238,2,18:07:46,2017-04-07
124,124,151,3,18:14:34,2017-04-07
125,125,194,4,18:14:54,2017-04-07
126,126,43,3,18:17:05,2017-04-07
127,127,88,3,18:23:26,2017-04-07
128,128,33,7,18:40:01,2017-04-07
129,129,73,2,18:49:25,2017-04-07
130,130,222,1,19:01:55,2017-04-07
131,131,249,4,19:56:05,2017-04-07
132,132,204,0,19:59:14,2017-04-07
133,133,133,1,20:56:41,2017-04-07
134,134,200,4,21:01:52,2017-04-07
135,135,251,2,21:14:04,2017-04-07
136,136,287,6,22:06:35,2017-04-07
137,137,266,6,22:15:42,2017-04-07
138,138,172,2,22:37:34,2017-04-07
139,139,127,2,22:58:05,2017-04-07
140,140,295,0,08:50:57,2017-04-08
141,141,69,7,09:20:18,2017-04-08
142,142,3,7,09:36:28,2017-04-08
143,143,301,0,10:02:39,2017-04-08
144,144,265,7,10:22:05,2017-04-08
145,145,211,7,10:24:19,2017-04-08
146,146,35,0,10:38:45,2017-04-08
147,147,225,7,10:49:35,2017-04-08
148,148,183,8,10:56:29,2017-04-08
149,149,323,1,12:03:22,2017-04-08
150,150,333,3,12:20:29,2017-04-08
151,151,141,1,12:29:10,2017-04-08
152,152,126,3,12:55:58,2017-04-08
153,153,30,0,13:10:39,2017-04-08
154,154,227,0,13:40:51,2017-04-08
155,155,227,1,13:50:57,2017-04-08
156,156,42,6,13:52:31,2017-04-08
157,157,257,6,14:13:46,2017-04-08
158,158,255,0,14:51:23,2017-04-08
159,159,146,4,14:54:20,2017-04-08
160,160,75,5,15:05:42,2017-04-08
161,161,127,6,15:07:53,2017-04-08
162,162,199,4,15:20:41,2017-04-08
163,163,134,2,15:33:54,2017-04-08
164,164,170,0,15:54:24,2017-04-08
165,165,29,6,15:59:33,2017-04-08
166,166,75,7,16:28:46,2017-04-08
167,167,204,4,16:34:59,2017-04-08
168,168,266,7,16:47:30,2017-04-08
169,169,188,6,17:32:57,2017-04-08
170,170,50,5,17:35:18,2017-04-08
171,171,37,6,18:29:13,2017-04-08
172,172,107,1,18:49:49,2017-04-08
173,173,146,0,18:51:44,2017-04-08
174,174,148,4,19:01:14,2017-04-08
175,175,56,0,19:25:49,2017-04-08
176,176,185,0,19:29:22,2017-04-08
177,177,162,4,19:41:23,2017-04-08
178,178,87,6,20:20:01,2017-04-08
179,179,217,4,20:22:53,2017-04-08
180,180,203,2,20:25:26,2017-04-08
181,181,342,7,20:40:15,2017-04-08
182,182,85,4,21:05:49,2017-04-08
183,183,342,2,21:23:14,2017-04-08
184,184,175,4,21:26:26,2017-04-08
185,185,186,4,21:33:36,2017-04-08
186,186,96,2,22:06:13,2017-04-08
187,187,177,6,22:19:25,2017-04-08
188,188,362,1,22:36:37,2017-04-08
189,189,291,6,22:38:42,2017-04-08
190,190,343,7,08:11:28,2017-04-09
191,191,16,7,08:16:41,2017-04-09
192,192,7,0,08:17:43,2017-04-09
193,193,187,8,08:29:57,2017-04-09
194,194,292,7,08:37:41,2017-04-09
195,195,385,7,08:39:28,2017-04-09
196,196,9,0,08:52:08,2017-04-09
197,197,289,0,08:57:25,2017-04-09
198,198,191,0,08:59:22,2017-04-09
199,199,246,8,09:04:05,2017-04-09
200,200,57,7,09:12:28,2017-04-09
201,201,295,0,09:25:37,2017-04-09
202,202,103,0,09:43:15,2017-04-09
203,203,120,7,09:49:37,2017-04-09
204,204,233,8,09:54:47,2017-04-09
205,205,112,0,10:03:36,2017-04-09
206,206,161,0,10:45:50,2017-04-09
207,207,102,7,11:07:08,2017-04-09
208,208,105,7,11:11:12,2017-04-09
209,209,299,0,11:17:55,2017-04-09
210,210,361,9,12:24:50,2017-04-09
211,211,9,1,12:51:24,2017-04-09
212,212,27,4,13:08:32,2017-04-09
213,213,166,3,13:10:42,2017-04-09
214,214,309,1,13:14:10,2017-04-09
215,215,112,9,13:31:43,2017-04-09
216,216,66,6,13:54:43,2017-04-09
217,217,112,4,13:57:19,2017-04-09
218,218,132,4,14:53:42,2017-04-09
219,219,207,7,15:16:35,2017-04-09
220,220,196,2,15:27:52,2017-04-09
221,221,185,1,15:37:35,2017-04-09
222,222,107,9,15:50:52,2017-04-09
223,223,68,1,16:08:26,2017-04-09
224,224,235,1,16:17:56,2017-04-09
225,225,41,9,16:24:58,2017-04-09
226,226,154,7,17:22:18,2017-04-09
227,227,72,2,17:23:42,2017-04-09
228,228,9,9,17:42:01,2017-04-09
229,229,318,3,17:58:53,2017-04-09
230,230,341,2,17:59:33,2017-04-09
231,231,375,4,19:09:59,2017-04-09
232,232,307,4,20:08:44,2017-04-09
233,233,239,6,20:19:37,2017-04-09
234,234,93,6,20:42:11,2017-04-09
235,235,68,4,21:05:50,2017-04-09
236,236,380,2,21:14:47,2017-04-09
237,237,305,1,21:34:48,2017-04-09
238,238,309,4,22:14:13,2017-04-09
239,239,69,6,22:20:51,2017-04-09
240,240,93,2,22:24:04,2017-04-09
241,241,352,8,08:05:17,2017-04-10
242,242,253,8,08:06:20,2017-04-10
243,243,402,10,08:06:26,2017-04-10
244,244,183,8,08:20:02,2017-04-10
245,245,74,8,09:03:19,2017-04-10
246,246,295,0,09:04:15,2017-04-10
247,247,146,0,09:07:00,2017-04-10
248,248,332,0,09:13:30,2017-04-10
249,249,32,10,09:36:44,2017-04-10
250,250,93,10,09:42:16,2017-04-10
251,251,375,8,09:50:16,2017-04-10
252,252,401,7,09:56:34,2017-04-10
253,253,309,0,10:57:18,2017-04-10
254,254,379,7,10:58:21,2017-04-10
255,255,368,0,11:01:50,2017-04-10
256,256,405,7,11:29:14,2017-04-10
257,257,300,10,11:31:35,2017-04-10
258,258,237,7,11:55:51,2017-04-10
259,259,455,7,12:40:21,2017-04-10
260,260,165,5,12:47:15,2017-04-10
261,261,342,5,12:50:57,2017-04-10
262,262,145,6,13:17:06,2017-04-10
263,263,24,6,13:27:28,2017-04-10
264,264,170,0,14:04:28,2017-04-10
265,265,374,6,14:18:39,2017-04-10
266,266,420,6,14:35:52,2017-04-10
267,267,304,9,15:13:27,2017-04-10
268,268,425,0,15:31:15,2017-04-10
269,269,112,4,16:33:20,2017-04-10
270,270,231,1,16:44:44,2017-04-10
271,271,178,11,17:18:53,2017-04-10
272,272,304,1,17:19:56,2017-04-10
273,273,383,4,17:34:55,2017-04-10
274,274,51,3,17:45:37,2017-04-10
275,275,58,4,17:45:40,2017-04-10
276,276,370,6,18:15:07,2017-04-10
277,277,92,7,18:38:54,2017-04-10
278,278,419,9,19:21:08,2017-04-10
279,279,460,12,20:03:18,2017-04-10
280,280,329,12,20:18:09,2017-04-10
281,281,11,7,20:29:22,2017-04-10
282,282,209,1,21:09:40,2017-04-10
283,283,149,4,21:10:13,2017-04-10
284,284,448,2,21:14:33,2017-04-10
285,285,295,12,22:17:12,2017-04-10
286,286,288,2,22:56:10,2017-04-10
287,287,260,10,08:02:45,2017-04-11
288,288,110,11,08:50:53,2017-04-11
289,289,414,7,09:01:46,2017-04-11
290,290,331,8,10:02:01,2017-04-11
291,291,141,8,10:13:37,2017-04-11
292,292,52,11,10:21:04,2017-04-11
293,293,310,0,10:25:25,2017-04-11
294,294,329,0,10:25:35,2017-04-11
295,295,197,10,11:02:43,2017-04-11
296,296,512,8,11:41:02,2017-04-11
297,297,502,7,11:53:07,2017-04-11
298,298,482,3,12:11:06,2017-04-11
299,299,486,1,12:18:40,2017-04-11
300,300,179,1,12:23:31,2017-04-11
301,301,22,12,12:57:53,2017-04-11
302,302,112,0,13:16:14,2017-04-11
303,303,358,12,13:27:38,2017-04-11
304,304,183,4,13:28:23,2017-04-11
305,305,316,6,13:59:05,2017-04-11
306,306,87,5,14:00:36,2017-04-11
307,307,521,0,14:16:56,2017-04-11
308,308,390,1,14:58:40,2017-04-11
309,309,77,5,15:22:29,2017-04-11
310,310,289,13,15:46:48,2017-04-11
311,311,504,4,17:21:19,2017-04-11
312,312,259,4,17:40:59,2017-04-11
313,313,410,2,18:09:01,2017-04-11
314,314,375,13,18:13:53,2017-04-11
315,315,452,6,18:39:40,2017-04-11
316,316,477,6,18:40:54,2017-04-11
317,317,254,9,19:13:08,2017-04-11
318,318,211,6,19:17:27,2017-04-11
319,319,553,12,19:33:40,2017-04-11
320,320,466,12,20:22:49,2017-04-11
321,321,34,1,20:25:46,2017-04-11
322,322,518,13,21:03:42,2017-04-11
323,323,325,6,21:27:48,2017-04-11
324,324,381,13,21:47:22,2017-04-11
325,325,206,6,22:02:23,2017-04-11
326,326,386,2,22:09:01,2017-04-11
327,327,449,4,22:18:06,2017-04-11
328,328,184,6,22:44:05,2017-04-11
329,329,436,7,08:17:01,2017-04-12
330,330,270,7,08:20:01,2017-04-12
331,331,181,7,09:01:17,2017-04-12
332,332,216,10,09:33:18,2017-04-12
333,333,124,8,09:39:03,2017-04-12
334,334,55,0,09:39:22,2017-04-12
335,335,460,0,10:43:33,2017-04-12
336,336,314,10,10:52:22,2017-04-12
337,337,256,0,10:56:44,2017-04-12
338,338,583,7,11:12:00,2017-04-12
339,339,405,11,11:25:59,2017-04-12
340,340,439,0,11:26:57,2017-04-12
341,341,99,11,11:48:54,2017-04-12
342,342,228,11,12:02:47,2017-04-12
343,343,59,11,12:24:40,2017-04-12
344,344,128,7,12:25:22,2017-04-12
345,345,309,12,13:45:46,2017-04-12
346,346,303,5,14:06:21,2017-04-12
347,347,352,13,14:19:05,2017-04-12
348,348,591,4,14:19:16,2017-04-12
349,349,301,4,14:20:17,2017-04-12
350,350,34,9,14:23:39,2017-04-12
351,351,530,3,15:00:36,2017-04-12
352,352,482,6,15:08:52,2017-04-12
353,353,418,2,15:24:28,2017-04-12
354,354,433,12,15:38:52,2017-04-12
355,355,425,12,15:48:52,2017-04-12
356,356,126,6,15:53:25,2017-04-12
357,357,451,12,17:39:14,2017-04-12
358,358,42,11,17:42:40,2017-04-12
359,359,378,6,17:47:17,2017-04-12
360,360,367,4,17:53:03,2017-04-12
361,361,505,2,18:12:27,2017-04-12
362,362,470,6,18:34:43,2017-04-12
363,363,109,6,19:49:07,2017-04-12
364,364,154,2,20:13:18,2017-04-12
365,365,423,1,20:29:32,2017-04-12
366,366,48,13,20:33:24,2017-04-12
367,367,46,2,20:35:47,2017-04-12
368,368,518,13,21:15:14,2017-04-12
369,369,20,13,21:16:59,2017-04-12
370,370,542,2,21:31:48,2017-04-12
371,371,415,13,21:41:41,2017-04-12
372,372,513,6,21:46:38,2017-04-12
373,373,211,2,21:52:32,2017-04-12
374,374,102,2,21:53:28,2017-04-12
375,375,305,13,22:06:03,2017-04-12
376,376,311,12,22:22:27,2017-04-12
377,377,611,12,22:49:42,2017-04-12
378,378,481,12,22:58:10,2017-04-12
379,379,325,7,08:04:47,2017-04-13
380,380,331,0,09:58:42,2017-04-13
381,381,411,10,10:31:18,2017-04-13
382,382,417,8,10:32:04,2017-04-13
383,383,358,8,11:49:18,2017-04-13
384,384,40,11,11:57:37,2017-04-13
385,385,82,14,12:44:14,2017-04-13
386,386,83,5,12:46:08,2017-04-13
387,387,30,9,14:26:39,2017-04-13
388,388,415,13,15:10:21,2017-04-13
389,389,181,7,15:28:43,2017-04-13
390,390,649,0,15:43:56,2017-04-13
391,391,280,12,16:51:54,2017-04-13
392,392,264,13,17:16:47,2017-04-13
393,393,508,0,17:48:36,2017-04-13
394,394,466,4,17:56:58,2017-04-13
395,395,126,5,18:24:01,2017-04-13
396,396,269,12,18:47:15,2017-04-13
397,397,646,4,18:48:22,2017-04-13
398,398,590,4,18:53:34,2017-04-13
399,399,80,9,19:02:52,2017-04-13
400,400,597,9,19:10:26,2017-04-13
401,401,70,11,19:26:03,2017-04-13
402,402,350,4,20:01:36,2017-04-13
403,403,148,1,20:44:54,2017-04-13
404,404,111,15,21:11:12,2017-04-13
405,405,78,4,21:30:11,2017-04-13
406,406,371,13,21:51:18,2017-04-13
407,407,323,12,21:55:51,2017-04-13
408,408,638,12,22:13:31,2017-04-13
409,409,319,16,22:15:34,2017-04-13
410,410,612,2,22:41:00,2017-04-13
411,411,395,16,22:48:26,2017-04-13
412,412,287,11,08:34:26,2017-04-14
413,413,8,11,08:46:01,2017-04-14
414,414,455,7,09:20:52,2017-04-14
415,415,257,11,10:03:13,2017-04-14
416,416,679,11,11:39:50,2017-04-14
417,417,185,0,11:55:22,2017-04-14
418,418,382,3,12:00:21,2017-04-14
419,419,274,14,12:10:29,2017-04-14
420,420,447,1,12:25:51,2017-04-14
421,421,449,0,12:35:57,2017-04-14
422,422,674,1,13:09:30,2017-04-14
423,423,163,7,13:19:26,2017-04-14
424,424,331,9,13:33:48,2017-04-14
425,425,603,6,13:58:24,2017-04-14
426,426,690,3,14:42:41,2017-04-14
427,427,11,6,14:43:49,2017-04-14
428,428,642,15,14:52:56,2017-04-14
429,429,295,17,15:49:08,2017-04-14
430,430,462,13,16:12:13,2017-04-14
431,431,624,11,16:40:00,2017-04-14
432,432,412,2,16:44:37,2017-04-14
433,433,454,16,17:36:44,2017-04-14
434,434,155,16,17:41:33,2017-04-14
435,435,38,12,17:52:31,2017-04-14
436,436,189,3,17:52:59,2017-04-14
437,437,627,17,17:53:14,2017-04-14
438,438,331,1,18:24:54,2017-04-14
439,439,244,13,18:51:29,2017-04-14
440,440,283,3,19:23:10,2017-04-14
441,441,106,3,19:23:29,2017-04-14
442,442,257,3,19:44:23,2017-04-14
443,443,278,11,20:20:26,2017-04-14
444,444,382,15,21:12:45,2017-04-14
445,445,369,13,21:30:00,2017-04-14
446,446,637,19,21:32:10,2017-04-14
447,447,720,15,22:07:34,2017-04-14
448,448,554,13,22:14:36,2017-04-14
449,449,503,1,22:27:57,2017-04-14
450,450,745,1,22:44:49,2017-04-14
451,451,40,16,22:48:51,2017-04-14
452,452,477,11,08:26:00,2017-04-15
453,453,423,17,08:51:22,2017-04-15
454,454,324,8,08:53:49,2017-04-15
455,455,480,18,09:42:54,2017-04-15
456,456,490,18,09:48:25,2017-04-15
457,457,358,0,09:54:47,2017-04-15
458,458,312,10,10:01:46,2017-04-15
459,459,550,0,10:05:46,2017-04-15
460,460,148,17,10:20:50,2017-04-15
461,461,625,7,10:24:47,2017-04-15
462,462,674,17,10:25:25,2017-04-15
463,463,319,10,11:07:10,2017-04-15
464,464,399,17,11:13:26,2017-04-15
465,465,171,10,11:18:15,2017-04-15
466,466,543,12,12:02:48,2017-04-15
467,467,785,16,12:03:01,2017-04-15
468,468,747,1,12:16:50,2017-04-15
469,469,604,1,12:33:42,2017-04-15
470,470,524,12,13:33:25,2017-04-15
471,471,322,5,14:24:52,2017-04-15
472,472,786,3,15:04:43,2017-04-15
473,473,622,14,15:20:18,2017-04-15
474,474,347,19,15:41:39,2017-04-15
475,475,478,19,15:56:37,2017-04-15
476,476,34,1,15:56:53,2017-04-15
477,477,811,17,16:01:46,2017-04-15
478,478,604,0,17:06:03,2017-04-15
479,479,131,21,17:40:19,2017-04-15
480,480,410,19,18:12:15,2017-04-15
481,481,815,14,18:28:53,2017-04-15
482,482,360,3,18:30:53,2017-04-15
483,483,165,7,18:46:11,2017-04-15
484,484,455,5,18:50:15,2017-04-15
485,485,370,6,18:56:21,2017-04-15
486,486,705,0,19:27:18,2017-04-15
487,487,527,7,19:35:32,2017-04-15
488,488,709,16,20:00:03,2017-04-15
489,489,265,16,20:03:40,2017-04-15
490,490,429,1,20:20:43,2017-04-15
491,491,483,7,20:36:01,2017-04-15
492,492,366,2,20:38:39,2017-04-15
493,493,811,1,21:02:30,2017-04-15
494,494,549,15,21:53:05,2017-04-15
495,495,318,6,21:53:15,2017-04-15
496,496,127,21,21:58:01,2017-04-15
497,497,758,6,22:11:31,2017-04-15
498,498,505,15,22:19:18,2017-04-15
499,499,259,13,22:25:02,2017-04-15
500,500,328,8,08:04:59,2017-04-16
501,501,252,0,08:40:31,2017-04-16
502,502,615,0,09:28:30,2017-04-16
503,503,823,17,09:38:22,2017-04-16
504,504,606,8,09:41:09,2017-04-16
505,505,337,10,09:41:20,2017-04-16
506,506,325,7,10:05:39,2017-04-16
507,507,158,0,10:20:40,2017-04-16
508,508,786,7,11:03:31,2017-04-16
509,509,270,7,11:43:55,2017-04-16
510,510,24,7,11:51:41,2017-04-16
511,511,166,15,12:21:14,2017-04-16
512,512,746,14,12:45:41,2017-04-16
513,513,235,0,12:59:49,2017-04-16
514,514,617,21,13:29:04,2017-04-16
515,515,869,15,13:43:22,2017-04-16
516,516,480,19,13:48:24,2017-04-16
517,517,315,15,13:50:20,2017-04-16
518,518,378,6,13:55:48,2017-04-16
519,519,461,19,14:30:10,2017-04-16
520,520,40,21,14:42:40,2017-04-16
521,521,186,1,14:44:32,2017-04-16
522,522,166,16,15:30:53,2017-04-16
523,523,314,21,15:32:05,2017-04-16
524,524,682,14,15:39:22,2017-04-16
525,525,775,22,15:49:26,2017-04-16
526,526,95,4,16:23:55,2017-04-16
527,527,396,12,16:28:43,2017-04-16
528,528,861,9,16:54:13,2017-04-16
529,529,334,19,16:58:08,2017-04-16
530,530,775,22,17:25:50,2017-04-16
531,531,796,2,17:32:49,2017-04-16
532,532,259,12,17:37:59,2017-04-16
533,533,187,1,18:33:48,2017-04-16
534,534,225,14,18:57:24,2017-04-16
535,535,800,0,19:17:54,2017-04-16
536,536,481,12,19:23:22,2017-04-16
537,537,355,9,19:52:46,2017-04-16
538,538,796,6,20:00:13,2017-04-16
539,539,23,0,20:09:23,2017-04-16
540,540,166,2,20:09:35,2017-04-16
541,541,73,21,20:38:54,2017-04-16
542,542,296,15,20:39:59,2017-04-16
543,543,276,6,20:42:03,2017-04-16
544,544,771,16,21:14:52,2017-04-16
545,545,414,19,21:33:11,2017-04-16
546,546,525,15,21:39:56,2017-04-16
547,547,427,16,21:40:42,2017-04-16
548,548,879,12,21:46:42,2017-04-16
549,549,413,15,22:34:38,2017-04-16
550,550,657,13,22:45:48,2017-04-16
551,551,553,4,22:52:14,2017-04-16
552,552,692,11,08:04:48,2017-04-17
553,553,795,11,08:06:49,2017-04-17
554,554,18,11,08:29:39,2017-04-17
555,555,850,23,08:59:19,2017-04-17
556,556,57,11,09:49:41,2017-04-17
557,557,685,23,09:52:34,2017-04-17
558,558,628,17,10:21:14,2017-04-17
559,559,71,17,11:26:26,2017-04-17
560,560,694,10,11:38:52,2017-04-17
561,561,503,8,11:54:23,2017-04-17
562,562,753,9,12:17:45,2017-04-17
563,563,824,12,12:34:31,2017-04-17
564,564,202,15,12:40:08,2017-04-17
565,565,38,12,13:16:02,2017-04-17
566,566,586,17,13:36:38,2017-04-17
567,567,14,6,13:53:37,2017-04-17
568,568,103,9,14:20:49,2017-04-17
569,569,79,13,14:44:47,2017-04-17
570,570,892,5,15:46:07,2017-04-17
571,571,117,21,16:24:27,2017-04-17
572,572,727,21,16:42:32,2017-04-17
573,573,187,1,17:13:38,2017-04-17
574,574,44,3,17:47:13,2017-04-17
575,575,921,2,18:32:11,2017-04-17
576,576,608,9,18:33:40,2017-04-17
577,577,867,7,18:57:00,2017-04-17
578,578,408,13,19:16:03,2017-04-17
579,579,606,9,19:17:13,2017-04-17
580,580,719,19,19:34:48,2017-04-17
581,581,689,6,20:02:56,2017-04-17
582,582,423,4,20:25:07,2017-04-17
583,583,947,6,20:41:45,2017-04-17
584,584,771,20,21:24:19,2017-04-17
585,585,588,21,21:31:37,2017-04-17
586,586,248,13,21:38:08,2017-04-17
587,587,167,1,21:41:06,2017-04-17
588,588,733,20,21:42:43,2017-04-17
589,589,736,22,21:53:43,2017-04-17
590,590,744,13,22:17:18,2017-04-17
591,591,97,16,22:24:56,2017-04-17
592,592,17,22,22:37:07,2017-04-17
593,593,48,1,22:52:12,2017-04-17
594,594,31,7,08:04:42,2017-04-18
595,595,680,0,08:10:49,2017-04-18
596,596,825,11,08:18:21,2017-04-18
597,597,912,17,08:41:18,2017-04-18
598,598,839,10,09:02:01,2017-04-18
599,599,977,7,10:52:19,2017-04-18
600,600,92,7,11:06:53,2017-04-18
601,601,189,7,11:49:00,2017-04-18
602,602,978,8,11:59:06,2017-04-18
603,603,772,12,12:33:43,2017-04-18
604,604,498,9,12:44:16,2017-04-18
605,605,676,23,13:27:54,2017-04-18
606,606,283,11,13:37:54,2017-04-18
607,607,11,11,13:50:31,2017-04-18
608,608,914,23,14:36:51,2017-04-18
609,609,466,0,14:42:55,2017-04-18
610,610,87,7,15:07:41,2017-04-18
611,611,152,1,15:16:04,2017-04-18
612,612,719,15,16:33:00,2017-04-18
613,613,281,20,16:45:05,2017-04-18
614,614,454,7,17:08:26,2017-04-18
615,615,756,17,17:28:45,2017-04-18
616,616,963,5,17:51:50,2017-04-18
617,617,466,13,17:55:57,2017-04-18
618,618,747,9,17:58:54,2017-04-18
619,619,451,13,18:29:07,2017-04-18
620,620,625,19,18:40:34,2017-04-18
621,621,448,11,19:42:39,2017-04-18
622,622,391,21,20:14:55,2017-04-18
623,623,611,22,20:20:07,2017-04-18
624,624,687,0,20:21:51,2017-04-18
625,625,664,6,20:27:02,2017-04-18
626,626,49,7,20:36:36,2017-04-18
627,627,230,4,20:39:09,2017-04-18
628,628,824,12,21:02:57,2017-04-18
629,629,106,20,21:33:36,2017-04-18
630,630,918,20,21:36:14,2017-04-18
631,631,663,4,21:41:58,2017-04-18
632,632,283,6,22:17:27,2017-04-18
633,633,773,1,22:17:42,2017-04-18
634,634,304,4,22:37:10,2017-04-18
635,635,73,11,09:11:53,2017-04-19
636,636,72,11,09:16:27,2017-04-19
637,637,887,17,09:32:47,2017-04-19
638,638,253,8,10:07:38,2017-04-19
639,639,878,23,10:14:44,2017-04-19
640,640,83,11,10:45:20,2017-04-19
641,641,614,11,10:57:49,2017-04-19
642,642,944,11,10:59:59,2017-04-19
643,643,86,7,11:17:52,2017-04-19
644,644,526,10,11:34:10,2017-04-19
645,645,158,9,12:01:40,2017-04-19
646,646,252,23,12:34:24,2017-04-19
647,647,804,3,12:37:31,2017-04-19
648,648,179,12,12:37:58,2017-04-19
649,649,864,3,13:10:45,2017-04-19
650,650,915,16,13:19:29,2017-04-19
651,651,32,19,13:31:05,2017-04-19
652,652,458,2,13:45:20,2017-04-19
653,653,1034,1,13:48:02,2017-04-19
654,654,548,20,14:13:04,2017-04-19
655,655,284,3,14:17:04,2017-04-19
656,656,235,22,14:24:48,2017-04-19
657,657,39,20,14:32:00,2017-04-19
658,658,1,4,14:44:20,2017-04-19
659,659,329,12,15:16:39,2017-04-19
660,660,574,17,16:02:01,2017-04-19
661,661,299,4,16:02:02,2017-04-19
662,662,363,21,16:07:25,2017-04-19
663,663,817,23,16:17:52,2017-04-19
664,664,33,6,16:29:18,2017-04-19
665,665,426,11,18:09:11,2017-04-19
666,666,629,16,18:29:17,2017-04-19
667,667,689,3,18:30:29,2017-04-19
668,668,586,13,18:30:49,2017-04-19
669,669,687,12,18:32:26,2017-04-19
670,670,95,17,19:02:33,2017-04-19
671,671,178,2,19:05:00,2017-04-19
672,672,901,3,19:41:10,2017-04-19
673,673,265,16,19:46:17,2017-04-19
674,674,239,20,20:00:31,2017-04-19
675,675,822,6,20:47:35,2017-04-19
676,676,263,16,21:03:53,2017-04-19
677,677,13,4,21:14:47,2017-04-19
678,678,705,4,21:19:49,2017-04-19
679,679,238,20,21:36:34,2017-04-19
680,680,159,4,21:38:41,2017-04-19
681,681,761,13,21:45:15,2017-04-19
682,682,823,1,22:07:08,2017-04-19
683,683,567,16,22:40:12,2017-04-19
684,684,565,21,22:50:10,2017-04-19
685,685,437,22,22:52:35,2017-04-19
686,686,245,19,22:56:22,2017-04-19
687,687,1063,17,08:11:25,2017-04-20
688,688,731,10,08:14:05,2017-04-20
689,689,781,0,08:41:47,2017-04-20
690,690,94,7,08:42:15,2017-04-20
691,691,279,18,08:59:55,2017-04-20
692,692,648,7,09:02:57,2017-04-20
693,693,8,18,09:58:30,2017-04-20
694,694,291,18,10:28:29,2017-04-20
695,695,747,8,10:33:07,2017-04-20
696,696,916,0,10:46:55,2017-04-20
697,697,1043,11,11:26:20,2017-04-20
698,698,202,11,11:47:31,2017-04-20
699,699,842,23,11:53:54,2017-04-20
700,700,931,21,12:02:46,2017-04-20
701,701,580,3,12:17:14,2017-04-20
702,702,1085,0,12:49:37,2017-04-20
703,703,830,3,12:51:07,2017-04-20
704,704,367,12,13:24:24,2017-04-20
705,705,683,24,13:34:43,2017-04-20
706,706,534,14,13:36:15,2017-04-20
707,707,1064,15,14:39:45,2017-04-20
708,708,635,1,15:09:55,2017-04-20
709,709,1047,2,15:19:35,2017-04-20
710,710,698,2,15:38:39,2017-04-20
711,711,714,9,15:44:41,2017-04-20
712,712,348,19,16:48:16,2017-04-20
713,713,845,9,16:58:07,2017-04-20
714,714,190,12,17:16:21,2017-04-20
715,715,796,7,17:18:00,2017-04-20
716,716,606,23,17:18:47,2017-04-20
717,717,579,3,18:30:26,2017-04-20
718,718,318,20,19:07:44,2017-04-20
719,719,947,24,19:33:39,2017-04-20
720,720,657,17,20:29:46,2017-04-20
721,721,1115,24,20:53:16,2017-04-20
722,722,136,15,20:54:13,2017-04-20
723,723,357,16,21:37:04,2017-04-20
724,724,864,24,21:43:53,2017-04-20
725,725,83,16,22:06:15,2017-04-20
726,726,807,4,22:11:57,2017-04-20
727,727,1018,22,22:47:17,2017-04-20
728,728,217,12,22:50:51,2017-04-20
729,729,571,18,08:02:39,2017-04-21
730,730,91,18,08:03:22,2017-04-21
731,731,272,0,08:11:52,2017-04-21
732,732,186,8,08:37:33,2017-04-21
733,733,930,23,08:43:48,2017-04-21
734,734,7,17,08:57:26,2017-04-21
735,735,1090,7,09:20:21,2017-04-21
736,736,223,0,09:35:46,2017-04-21
737,737,519,8,09:53:07,2017-04-21
738,738,175,8,09:55:27,2017-04-21
739,739,876,11,09:57:13,2017-04-21
740,740,6,11,10:00:22,2017-04-21
741,741,737,7,10:22:53,2017-04-21
742,742,423,17,10:49:55,2017-04-21
743,743,1085,17,10:53:23,2017-04-21
744,744,532,17,11:49:34,2017-04-21
745,745,945,24,12:20:45,2017-04-21
746,746,276,15,12:39:25,2017-04-21
747,747,676,0,12:45:10,2017-04-21
748,748,610,5,12:49:41,2017-04-21
749,749,420,16,12:55:27,2017-04-21
750,750,180,15,13:29:59,2017-04-21
751,751,531,14,15:06:32,2017-04-21
752,752,1119,16,15:06:46,2017-04-21
753,753,263,25,15:10:12,2017-04-21
754,754,777,24,16:41:51,2017-04-21
755,755,451,4,16:50:15,2017-04-21
756,756,768,22,17:01:17,2017-04-21
757,757,416,11,17:11:42,2017-04-21
758,758,574,22,17:24:35,2017-04-21
759,759,860,0,18:53:55,2017-04-21
760,760,314,24,20:00:33,2017-04-21
761,761,1068,21,20:27:32,2017-04-21
762,762,202,11,20:28:32,2017-04-21
763,763,600,13,20:38:14,2017-04-21
764,764,243,4,21:21:02,2017-04-21
765,765,527,16,21:30:33,2017-04-21
766,766,1054,15,21:46:00,2017-04-21
767,767,279,2,22:38:07,2017-04-21
768,768,429,13,22:45:50,2017-04-21
769,769,487,7,08:00:24,2017-04-22
770,770,556,11,08:14:27,2017-04-22
771,771,211,7,08:44:32,2017-04-22
772,772,503,0,08:58:11,2017-04-22
773,773,366,18,08:58:12,2017-04-22
774,774,601,8,09:15:36,2017-04-22
775,775,796,10,09:16:13,2017-04-22
776,776,256,23,10:28:16,2017-04-22
777,777,785,11,11:01:53,2017-04-22
778,778,404,7,11:16:28,2017-04-22
779,779,533,7,11:23:32,2017-04-22
780,780,530,11,11:24:52,2017-04-22
781,781,881,0,11:25:05,2017-04-22
782,782,27,0,11:31:23,2017-04-22
783,783,150,10,11:37:44,2017-04-22
784,784,253,17,11:50:04,2017-04-22
785,785,235,12,12:05:51,2017-04-22
786,786,129,17,12:11:04,2017-04-22
787,787,454,16,12:23:04,2017-04-22
788,788,289,27,13:11:35,2017-04-22
789,789,386,7,13:17:44,2017-04-22
790,790,303,7,13:49:42,2017-04-22
791,791,987,0,14:38:29,2017-04-22
792,792,721,16,14:52:52,2017-04-22
793,793,862,26,14:53:47,2017-04-22
794,794,1237,13,14:57:42,2017-04-22
795,795,860,22,16:02:52,2017-04-22
796,796,806,4,16:30:45,2017-04-22
797,797,369,0,16:35:26,2017-04-22
798,798,485,20,16:58:46,2017-04-22
799,799,147,17,17:34:07,2017-04-22
800,800,441,26,17:40:15,2017-04-22
801,801,378,3,17:56:20,2017-04-22
802,802,1086,13,18:30:57,2017-04-22
803,803,328,23,18:48:52,2017-04-22
804,804,891,4,18:56:01,2017-04-22
805,805,1244,15,18:59:13,2017-04-22
806,806,294,19,19:03:08,2017-04-22
807,807,625,24,19:03:27,2017-04-22
808,808,976,13,19:07:32,2017-04-22
809,809,912,4,19:46:17,2017-04-22
810,810,111,6,19:50:37,2017-04-22
811,811,1077,25,20:10:16,2017-04-22
812,812,512,0,20:15:25,2017-04-22
813,813,945,20,20:27:34,2017-04-22
814,814,894,29,21:25:07,2017-04-22
815,815,1034,12,21:33:38,2017-04-22
816,816,1141,6,21:37:16,2017-04-22
817,817,8,15,22:13:42,2017-04-22
818,818,286,1,22:32:39,2017-04-22
819,819,904,24,22:42:04,2017-04-22
820,820,654,13,22:55:15,2017-04-22
821,821,1118,27,08:03:39,2017-04-23
822,822,535,10,08:07:28,2017-04-23
823,823,766,8,08:18:04,2017-04-23
824,824,582,27,09:08:59,2017-04-23
825,825,155,10,09:17:14,2017-04-23
826,826,905,27,09:34:10,2017-04-23
827,827,323,27,09:57:24,2017-04-23
828,828,1265,27,10:21:22,2017-04-23
829,829,1058,7,10:24:05,2017-04-23
830,830,83,18,10:56:42,2017-04-23
831,831,1074,31,11:21:59,2017-04-23
832,832,1022,8,11:25:53,2017-04-23
833,833,165,28,12:15:49,2017-04-23
834,834,802,7,12:41:34,2017-04-23
835,835,338,30,13:24:44,2017-04-23
836,836,756,0,13:35:36,2017-04-23
837,837,862,29,14:05:28,2017-04-23
838,838,106,2,14:17:54,2017-04-23
839,839,653,2,14:30:23,2017-04-23
840,840,1063,4,14:33:18,2017-04-23
841,841,245,21,14:59:51,2017-04-23
842,842,159,4,15:02:13,2017-04-23
843,843,75,3,15:18:28,2017-04-23
844,844,874,9,15:20:22,2017-04-23
845,845,540,30,15:34:59,2017-04-23
846,846,799,4,15:37:26,2017-04-23
847,847,1138,30,15:39:34,2017-04-23
848,848,239,2,16:09:22,2017-04-23
849,849,1036,12,16:11:48,2017-04-23
850,850,43,6,16:23:22,2017-04-23
851,851,1033,24,16:30:28,2017-04-23
852,852,187,0,16:41:26,2017-04-23
853,853,640,1,16:47:00,2017-04-23
854,854,970,11,16:58:53,2017-04-23
855,855,1284,26,17:23:44,2017-04-23
856,856,542,16,17:44:24,2017-04-23
857,857,1198,4,18:03:47,2017-04-23
858,858,853,22,18:29:41,2017-04-23
859,859,708,9,18:37:36,2017-04-23
860,860,966,9,18:38:21,2017-04-23
861,861,657,23,18:47:24,2017-04-23
862,862,69,30,20:37:51,2017-04-23
863,863,1278,7,20:55:36,2017-04-23
864,864,166,28,21:03:46,2017-04-23
865,865,257,30,21:27:38,2017-04-23
866,866,1121,29,21:57:14,2017-04-23
867,867,175,0,08:11:21,2017-04-24
868,868,670,10,08:29:08,2017-04-24
869,869,215,31,08:44:25,2017-04-24
870,870,887,17,08:45:43,2017-04-24
871,871,952,0,08:59:51,2017-04-24
872,872,422,10,09:04:45,2017-04-24
873,873,217,27,09:17:21,2017-04-24
874,874,1191,10,09:43:39,2017-04-24
875,875,843,8,09:55:34,2017-04-24
876,876,1061,0,09:59:48,2017-04-24
877,877,507,27,10:18:31,2017-04-24
878,878,135,11,10:21:54,2017-04-24
879,879,947,7,10:28:58,2017-04-24
880,880,999,7,10:34:24,2017-04-24
881,881,473,11,10:45:04,2017-04-24
882,882,287,18,10:58:00,2017-04-24
883,883,1057,17,11:13:56,2017-04-24
884,884,1151,10,11:17:21,2017-04-24
885,885,657,23,12:03:11,2017-04-24
886,886,1104,16,12:11:15,2017-04-24
887,887,447,1,12:17:15,2017-04-24
888,888,881,27,12:43:29,2017-04-24
889,889,1006,15,13:36:31,2017-04-24
890,890,1334,1,14:02:29,2017-04-24
891,891,1013,4,15:49:12,2017-04-24
892,892,91,7,16:07:42,2017-04-24
893,893,588,7,16:20:28,2017-04-24
894,894,263,24,16:25:20,2017-04-24
895,895,395,16,16:35:56,2017-04-24
896,896,1114,22,16:40:17,2017-04-24
897,897,547,12,16:54:37,2017-04-24
898,898,807,12,16:57:23,2017-04-24
899,899,892,14,17:04:03,2017-04-24
900,900,1179,25,17:09:06,2017-04-24
901,901,467,0,17:18:49,2017-04-24
902,902,832,26,17:25:23,2017-04-24
903,903,1297,11,17:28:46,2017-04-24
904,904,1208,5,17:35:08,2017-04-24
905,905,697,5,18:28:44,2017-04-24
906,906,564,6,19:02:13,2017-04-24
907,907,772,29,19:18:28,2017-04-24
908,908,1353,29,20:31:50,2017-04-24
909,909,859,27,20:59:38,2017-04-24
910,910,731,16,21:14:12,2017-04-24
911,911,977,19,21:25:05,2017-04-24
912,912,672,29,22:09:15,2017-04-24
913,913,994,1,22:10:36,2017-04-24
914,914,282,6,22:31:48,2017-04-24
915,915,276,28,22:56:03,2017-04-24
916,916,390,8,08:17:44,2017-04-25
917,917,494,7,08:48:00,2017-04-25
918,918,1029,10,08:53:05,2017-04-25
919,919,276,31,09:00:54,2017-04-25
920,920,898,17,09:11:22,2017-04-25
921,921,1079,23,09:49:09,2017-04-25
922,922,581,0,09:50:29,2017-04-25
923,923,416,10,10:06:34,2017-04-25
924,924,959,11,10:11:05,2017-04-25
925,925,1199,34,10:28:29,2017-04-25
926,926,1319,18,10:59:27,2017-04-25
927,927,680,0,11:51:02,2017-04-25
928,928,995,10,11:59:36,2017-04-25
929,929,141,23,12:24:45,2017-04-25
930,930,489,15,12:26:58,2017-04-25
931,931,1173,30,13:04:08,2017-04-25
932,932,1114,9,13:10:51,2017-04-25
933,933,344,26,13:20:42,2017-04-25
934,934,1077,28,13:37:19,2017-04-25
935,935,1402,12,14:00:00,2017-04-25
936,936,905,22,14:08:02,2017-04-25
937,937,1291,3,14:21:36,2017-04-25
938,938,1391,30,14:30:14,2017-04-25
939,939,967,7,14:40:55,2017-04-25
940,940,660,0,14:41:04,2017-04-25
941,941,514,19,14:44:57,2017-04-25
942,942,1085,17,14:47:56,2017-04-25
943,943,341,24,15:06:59,2017-04-25
944,944,323,34,15:24:04,2017-04-25
945,945,1118,12,15:33:57,2017-04-25
946,946,1286,20,15:57:51,2017-04-25
947,947,385,25,16:03:44,2017-04-25
948,948,681,27,16:22:32,2017-04-25
949,949,354,5,16:53:59,2017-04-25
950,950,1013,1,17:51:49,2017-04-25
951,951,1315,24,17:53:44,2017-04-25
952,952,828,7,18:42:44,2017-04-25
953,953,965,3,18:45:34,2017-04-25
954,954,95,17,18:53:56,2017-04-25
955,955,0,21,19:10:29,2017-04-25
956,956,1353,17,19:28:07,2017-04-25
957,957,131,16,19:36:38,2017-04-25
958,958,949,6,19:42:51,2017-04-25
959,959,514,14,19:56:32,2017-04-25
960,960,1239,23,20:12:10,2017-04-25
961,961,1090,11,20:56:53,2017-04-25
962,962,449,29,20:59:06,2017-04-25
963,963,1232,6,21:00:30,2017-04-25
964,964,111,6,21:19:26,2017-04-25
965,965,1353,4,21:44:16,2017-04-25
966,966,609,29,21:59:38,2017-04-25
967,967,816,29,22:01:42,2017-04-25
968,968,1349,12,22:09:52,2017-04-25
969,969,1004,19,22:14:19,2017-04-25
970,970,1439,20,22:35:15,2017-04-25
971,971,1080,19,22:45:17,2017-04-25
972,972,149,35,08:04:29,2017-04-26
973,973,692,11,08:32:33,2017-04-26
974,974,1078,8,08:41:00,2017-04-26
975,975,606,34,09:00:41,2017-04-26
976,976,774,10,09:16:10,2017-04-26
977,977,591,8,09:38:26,2017-04-26
978,978,1095,17,09:46:49,2017-04-26
979,979,1015,35,09:52:22,2017-04-26
980,980,1269,35,09:57:13,2017-04-26
981,981,731,10,10:01:30,2017-04-26
982,982,1115,18,10:06:50,2017-04-26
983,983,1138,18,10:11:08,2017-04-26
984,984,1292,18,11:35:34,2017-04-26
985,985,1233,10,11:53:23,2017-04-26
986,986,966,0,12:53:17,2017-04-26
987,987,400,19,13:39:11,2017-04-26
988,988,409,7,14:02:11,2017-04-26
989,989,617,30,14:10:00,2017-04-26
990,990,1334,27,14:27:34,2017-04-26
991,991,685,26,14:45:44,2017-04-26
992,992,689,15,14:51:17,2017-04-26
993,993,1077,21,15:02:02,2017-04-26
994,994,1497,28,15:13:38,2017-04-26
995,995,1392,20,15:23:10,2017-04-26
996,996,203,20,15:36:42,2017-04-26
997,997,806,9,15:53:22,2017-04-26
998,998,178,32,16:20:11,2017-04-26
999,999,761,23,16:25:49,2017-04-26
1000,1000,1371,29,16:45:18,2017-04-26
1001,1001,1457,3,16:56:34,2017-04-26
1002,1002,968,29,17:00:11,2017-04-26
1003,1003,400,6,17:12:14,2017-04-26
1004,1004,124,26,17:34:19,2017-04-26
1005,1005,345,25,17:38:41,2017-04-26
1006,1006,1175,24,18:37:10,2017-04-26
1007,1007,386,15,19:05:38,2017-04-26
1008,1008,940,6,19:16:45,2017-04-26
1009,1009,53,14,19:37:58,2017-04-26
1010,1010,256,23,19:45:21,2017-04-26
1011,1011,228,16,19:47:34,2017-04-26
1012,1012,998,32,19:54:27,2017-04-26
1013,1013,233,23,20:40:18,2017-04-26
1014,1014,773,13,22:01:03,2017-04-26
1015,1015,1435,20,22:12:40,2017-04-26
1016,1016,436,25,22:15:38,2017-04-26
1017,1017,6,7,08:09:35,2017-04-27
1018,1018,835,17,08:14:44,2017-04-27
1019,1019,202,7,08:26:28,2017-04-27
1020,1020,1086,27,08:47:03,2017-04-27
1021,1021,478,11,09:38:01,2017-04-27
1022,1022,257,11,10:23:29,2017-04-27
1023,1023,1200,10,10:24:32,2017-04-27
1024,1024,1493,10,10:54:26,2017-04-27
1025,1025,1128,11,11:07:57,2017-04-27
1026,1026,369,27,11:33:35,2017-04-27
1027,1027,550,27,11:33:45,2017-04-27
1028,1028,1328,10,11:35:36,2017-04-27
1029,1029,1244,7,11:52:15,2017-04-27
1030,1030,650,18,11:53:56,2017-04-27
1031,1031,186,29,12:09:37,2017-04-27
1032,1032,1142,38,12:10:56,2017-04-27
1033,1033,151,11,12:20:08,2017-04-27
1034,1034,120,5,12:20:57,2017-04-27
1035,1035,497,0,12:24:43,2017-04-27
1036,1036,599,24,12:41:13,2017-04-27
1037,1037,179,17,12:45:30,2017-04-27
1038,1038,839,19,13:04:22,2017-04-27
1039,1039,951,12,13:27:34,2017-04-27
1040,1040,1196,15,13:40:01,2017-04-27
1041,1041,356,12,13:46:57,2017-04-27
1042,1042,605,23,13:50:40,2017-04-27
1043,1043,1166,30,14:12:53,2017-04-27
1044,1044,268,14,14:41:42,2017-04-27
1045,1045,677,25,15:23:39,2017-04-27
1046,1046,1138,11,15:35:55,2017-04-27
1047,1047,857,0,15:38:03,2017-04-27
1048,1048,565,14,16:09:38,2017-04-27
1049,1049,350,12,16:19:02,2017-04-27
1050,1050,481,4,16:39:07,2017-04-27
1051,1051,1150,23,16:55:02,2017-04-27
1052,1052,958,27,17:01:02,2017-04-27
1053,1053,856,16,17:37:03,2017-04-27
1054,1054,149,17,17:40:44,2017-04-27
1055,1055,1149,34,17:45:52,2017-04-27
1056,1056,728,11,17:47:25,2017-04-27
1057,1057,1475,29,17:47:28,2017-04-27
1058,1058,433,27,17:47:57,2017-04-27
1059,1059,1021,27,18:07:02,2017-04-27
1060,1060,950,1,18:20:50,2017-04-27
1061,1061,340,12,18:21:24,2017-04-27
1062,1062,247,1,18:25:29,2017-04-27
1063,1063,1257,1,18:39:39,2017-04-27
1064,1064,1565,33,18:39:52,2017-04-27
1065,1065,943,32,18:40:57,2017-04-27
1066,1066,45,14,18:44:22,2017-04-27
1067,1067,1032,3,18:46:40,2017-04-27
1068,1068,1338,33,18:51:54,2017-04-27
1069,1069,695,13,18:52:01,2017-04-27
1070,1070,325,30,19:00:08,2017-04-27
1071,1071,375,0,19:01:04,2017-04-27
1072,1072,220,12,19:22:11,2017-04-27
1073,1073,1193,19,20:39:21,2017-04-27
1074,1074,573,22,20:47:14,2017-04-27
1075,1075,1094,38,21:00:31,2017-04-27
1076,1076,595,24,21:09:44,2017-04-27
1077,1077,1277,6,21:17:56,2017-04-27
1078,1078,256,4,21:22:12,2017-04-27
1079,1079,1243,38,21:40:35,2017-04-27
1080,1080,122,21,21:45:17,2017-04-27
1081,1081,954,15,22:08:59,2017-04-27
1082,1082,102,15,22:56:39,2017-04-27
1083,1083,425,37,08:48:04,2017-04-28
1084,1084,1401,11,09:03:51,2017-04-28
1085,1085,1424,31,09:13:45,2017-04-28
1086,1086,388,10,09:14:26,2017-04-28
1087,1087,922,34,09:33:36,2017-04-28
1088,1088,695,0,09:36:03,2017-04-28
1089,1089,746,10,09:40:41,2017-04-28
1090,1090,1077,18,09:54:57,2017-04-28
1091,1091,950,0,09:59:47,2017-04-28
1092,1092,1580,35,10:16:50,2017-04-28
1093,1093,462,27,10:19:51,2017-04-28
1094,1094,1402,0,11:11:08,2017-04-28
1095,1095,137,10,11:43:20,2017-04-28
1096,1096,1617,16,12:28:10,2017-04-28
1097,1097,1290,27,12:53:20,2017-04-28
1098,1098,1046,29,12:55:20,2017-04-28
1099,1099,413,30,12:55:40,2017-04-28
1100,1100,714,40,13:31:06,2017-04-28
1101,1101,417,38,13:48:45,2017-04-28
1102,1102,1589,21,14:09:14,2017-04-28
1103,1103,680,26,14:17:26,2017-04-28
1104,1104,1396,26,14:34:59,2017-04-28
1105,1105,1015,27,14:50:49,2017-04-28
1106,1106,160,33,15:16:23,2017-04-28
1107,1107,1085,22,15:26:55,2017-04-28
1108,1108,1167,23,15:45:53,2017-04-28
1109,1109,1406,0,16:06:38,2017-04-28
1110,1110,1190,24,16:09:45,2017-04-28
1111,1111,848,17,16:18:28,2017-04-28
1112,1112,654,26,16:26:51,2017-04-28
1113,1113,1422,42,17:17:14,2017-04-28
1114,1114,1345,16,17:32:35,2017-04-28
1115,1115,697,25,18:04:32,2017-04-28
1116,1116,670,3,18:36:48,2017-04-28
1117,1117,523,0,20:17:58,2017-04-28
1118,1118,634,1,21:49:48,2017-04-28
1119,1119,319,16,22:02:07,2017-04-28
1120,1120,1522,38,22:12:23,2017-04-28
1121,1121,1572,42,22:15:11,2017-04-28
1122,1122,466,40,22:28:19,2017-04-28
1123,1123,1523,4,22:35:26,2017-04-28
1124,1124,30,17,08:07:38,2017-04-29
1125,1125,424,17,09:19:11,2017-04-29
1126,1126,80,27,09:41:36,2017-04-29
1127,1127,569,23,10:12:45,2017-04-29
1128,1128,1359,7,10:49:23,2017-04-29
1129,1129,1574,37,10:55:17,2017-04-29
1130,1130,674,0,11:04:04,2017-04-29
1131,1131,1398,0,11:08:40,2017-04-29
1132,1132,331,27,11:34:34,2017-04-29
1133,1133,656,31,11:40:58,2017-04-29
1134,1134,1249,11,11:48:12,2017-04-29
1135,1135,1656,35,11:50:59,2017-04-29
1136,1136,1598,7,12:12:38,2017-04-29
1137,1137,606,38,12:19:06,2017-04-29
1138,1138,1246,36,12:36:47,2017-04-29
1139,1139,87,7,12:52:04,2017-04-29
1140,1140,1534,33,12:59:35,2017-04-29
1141,1141,260,15,13:07:55,2017-04-29
1142,1142,39,11,13:13:20,2017-04-29
1143,1143,1405,19,13:22:49,2017-04-29
1144,1144,1430,2,13:24:20,2017-04-29
1145,1145,1199,0,13:29:33,2017-04-29
1146,1146,253,27,13:44:14,2017-04-29
1147,1147,359,34,13:54:44,2017-04-29
1148,1148,501,36,13:59:59,2017-04-29
1149,1149,1171,6,14:54:09,2017-04-29
1150,1150,1280,40,15:05:05,2017-04-29
1151,1151,1085,27,15:06:46,2017-04-29
1152,1152,1403,33,15:16:56,2017-04-29
1153,1153,432,0,15:32:50,2017-04-29
1154,1154,412,2,15:34:39,2017-04-29
1155,1155,328,34,16:02:37,2017-04-29
1156,1156,1564,32,16:20:51,2017-04-29
1157,1157,278,11,16:43:07,2017-04-29
1158,1158,849,7,17:01:51,2017-04-29
1159,1159,464,29,17:13:56,2017-04-29
1160,1160,292,32,17:15:07,2017-04-29
1161,1161,1533,28,17:31:01,2017-04-29
1162,1162,976,42,17:43:03,2017-04-29
1163,1163,883,24,19:13:01,2017-04-29
1164,1164,919,4,19:20:52,2017-04-29
1165,1165,816,34,19:28:29,2017-04-29
1166,1166,1169,13,19:32:49,2017-04-29
1167,1167,914,26,19:49:52,2017-04-29
1168,1168,871,40,19:54:53,2017-04-29
1169,1169,1181,2,20:05:33,2017-04-29
1170,1170,812,15,20:13:25,2017-04-29
1171,1171,474,41,20:26:34,2017-04-29
1172,1172,698,39,20:50:44,2017-04-29
1173,1173,1035,38,21:18:03,2017-04-29
1174,1174,562,29,21:47:23,2017-04-29
1175,1175,1216,21,22:40:24,2017-04-29
1176,1176,1265,22,22:53:15,2017-04-29
1177,1177,679,39,22:59:59,2017-04-29
1178,1178,1346,18,08:19:56,2017-04-30
1179,1179,1684,11,08:25:21,2017-04-30
1180,1180,27,27,09:00:00,2017-04-30
1181,1181,1281,8,09:55:37,2017-04-30
1182,1182,537,35,10:07:17,2017-04-30
1183,1183,992,10,10:33:17,2017-04-30
1184,1184,146,27,11:10:16,2017-04-30
1185,1185,433,34,11:12:13,2017-04-30
1186,1186,1092,17,11:34:55,2017-04-30
1187,1187,925,44,11:56:19,2017-04-30
1188,1188,942,24,12:03:42,2017-04-30
1189,1189,390,40,12:20:42,2017-04-30
1190,1190,549,24,12:27:05,2017-04-30
1191,1191,135,14,12:28:00,2017-04-30
1192,1192,802,33,12:38:55,2017-04-30
1193,1193,698,7,12:40:21,2017-04-30
1194,1194,1131,27,12:54:01,2017-04-30
1195,1195,886,23,13:10:07,2017-04-30
1196,1196,447,26,13:10:39,2017-04-30
1197,1197,1430,16,13:14:39,2017-04-30
1198,1198,1528,22,13:46:27,2017-04-30
1199,1199,1063,22,14:09:33,2017-04-30
1200,1200,1513,2,14:24:47,2017-04-30
1201,1201,1442,23,14:29:29,2017-04-30
1202,1202,1212,40,14:48:22,2017-04-30
1203,1203,1610,3,14:54:40,2017-04-30
1204,1204,1743,43,15:02:31,2017-04-30
1205,1205,961,9,15:20:24,2017-04-30
1206,1206,1702,11,15:25:20,2017-04-30
1207,1207,1614,15,15:25:23,2017-04-30
1208,1208,505,7,15:45:32,2017-04-30
1209,1209,1243,29,15:54:16,2017-04-30
1210,1210,1774,40,16:13:47,2017-04-30
1211,1211,1416,41,16:38:09,2017-04-30
1212,1212,949,19,16:39:20,2017-04-30
1213,1213,1046,4,16:41:03,2017-04-30
1214,1214,1604,27,16:43:07,2017-04-30
1215,1215,1171,14,16:53:30,2017-04-30
1216,1216,529,43,17:13:49,2017-04-30
1217,1217,3,6,17:40:14,2017-04-30
1218,1218,450,16,17:45:31,2017-04-30
1219,1219,1195,2,18:11:39,2017-04-30
1220,1220,481,27,18:15:53,2017-04-30
1221,1221,1521,14,19:09:25,2017-04-30
1222,1222,856,5,19:56:54,2017-04-30
1223,1223,840,13,19:57:48,2017-04-30
1224,1224,112,27,20:15:51,2017-04-30
1225,1225,370,19,21:06:06,2017-04-30
1226,1226,413,21,21:19:33,2017-04-30
1227,1227,1702,39,22:14:36,2017-04-30
1228,1228,1071,38,22:27:48,2017-04-30
1229,1229,172,36,22:37:36,2017-04-30
1230,1230,466,22,22:43:53,2017-04-30
1231,1231,728,18,08:04:52,2017-05-01
1232,1232,1525,34,08:28:48,2017-05-01
1233,1233,1674,44,08:44:56,2017-05-01
1234,1234,1694,27,08:49:50,2017-05-01
1235,1235,1025,11,09:07:54,2017-05-01
1236,1236,1106,27,09:23:29,2017-05-01
1237,1237,792,31,09:27:09,2017-05-01
1238,1238,1294,34,09:44:37,2017-05-01
1239,1239,1054,7,09:53:31,2017-05-01
1240,1240,875,7,10:10:29,2017-05-01
1241,1241,115,27,10:26:02,2017-05-01
1242,1242,846,18,10:32:03,2017-05-01
1243,1243,64,31,10:46:03,2017-05-01
1244,1244,851,11,10:54:55,2017-05-01
1245,1245,925,35,10:59:06,2017-05-01
1246,1246,330,31,11:06:59,2017-05-01
1247,1247,1470,10,11:21:45,2017-05-01
1248,1248,372,10,11:29:13,2017-05-01
1249,1249,1728,21,12:21:11,2017-05-01
1250,1250,531,45,12:25:26,2017-05-01
1251,1251,235,27,12:50:21,2017-05-01
1252,1252,442,9,13:11:09,2017-05-01
1253,1253,95,4,13:14:50,2017-05-01
1254,1254,875,45,13:45:27,2017-05-01
1255,1255,1553,20,13:59:16,2017-05-01
1256,1256,1055,6,13:59:55,2017-05-01
1257,1257,107,4,14:03:50,2017-05-01
1258,1258,272,29,14:32:41,2017-05-01
1259,1259,1092,9,14:34:41,2017-05-01
1260,1260,1187,32,14:36:28,2017-05-01
1261,1261,1623,0,14:41:05,2017-05-01
1262,1262,1774,29,14:51:57,2017-05-01
1263,1263,129,29,15:33:29,2017-05-01
1264,1264,1807,9,15:47:07,2017-05-01
1265,1265,478,32,15:47:20,2017-05-01
1266,1266,733,7,15:47:30,2017-05-01
1267,1267,1364,23,16:01:23,2017-05-01
1268,1268,1760,6,16:02:30,2017-05-01
1269,1269,1554,46,16:10:27,2017-05-01
1270,1270,1267,6,16:11:34,2017-05-01
1271,1271,919,26,16:18:21,2017-05-01
1272,1272,225,3,16:24:10,2017-05-01
1273,1273,22,1,16:26:43,2017-05-01
1274,1274,918,6,16:26:52,2017-05-01
1275,1275,476,28,16:43:19,2017-05-01
1276,1276,637,32,16:50:49,2017-05-01
1277,1277,280,23,16:52:20,2017-05-01
1278,1278,159,4,17:12:03,2017-05-01
1279,1279,678,40,17:22:31,2017-05-01
1280,1280,1530,32,17:35:49,2017-05-01
1281,1281,456,13,17:50:26,2017-05-01
1282,1282,519,0,18:08:01,2017-05-01
1283,1283,1494,32,18:08:06,2017-05-01
1284,1284,1861,46,18:11:43,2017-05-01
1285,1285,1281,12,18:36:21,2017-05-01
1286,1286,152,0,18:42:01,2017-05-01
1287,1287,450,6,18:43:55,2017-05-01
1288,1288,1804,46,19:00:22,2017-05-01
1289,1289,7,26,19:16:17,2017-05-01
1290,1290,587,20,19:21:04,2017-05-01
1291,1291,1715,13,19:30:42,2017-05-01
1292,1292,1162,12,19:42:36,2017-05-01
1293,1293,1115,21,20:06:24,2017-05-01
1294,1294,711,28,20:14:07,2017-05-01
1295,1295,462,4,20:15:21,2017-05-01
1296,1296,723,2,20:19:50,2017-05-01
1297,1297,1073,39,21:02:29,2017-05-01
1298,1298,1167,12,21:05:44,2017-05-01
1299,1299,1270,38,21:24:41,2017-05-01
1300,1300,1574,38,21:56:53,2017-05-01
1301,1301,565,19,22:09:16,2017-05-01
1302,1302,1333,27,08:01:58,2017-05-02
1303,1303,1420,37,08:06:51,2017-05-02
1304,1304,1051,11,08:41:47,2017-05-02
1305,1305,413,11,08:44:28,2017-05-02
1306,1306,345,47,08:59:33,2017-05-02
1307,1307,409,10,09:01:47,2017-05-02
1308,1308,1271,10,09:15:55,2017-05-02
1309,1309,1188,35,09:19:34,2017-05-02
1310,1310,1449,23,09:36:25,2017-05-02
1311,1311,1696,47,09:51:00,2017-05-02
1312,1312,1271,31,10:00:13,2017-05-02
1313,1313,1477,47,10:26:45,2017-05-02
1314,1314,522,10,10:32:25,2017-05-02
1315,1315,889,35,10:32:48,2017-05-02
1316,1316,271,11,10:51:07,2017-05-02
1317,1317,895,8,11:02:44,2017-05-02
1318,1318,830,18,11:38:56,2017-05-02
1319,1319,1872,26,12:16:17,2017-05-02
1320,1320,1765,23,12:23:58,2017-05-02
1321,1321,577,34,12:35:11,2017-05-02
1322,1322,49,28,13:01:01,2017-05-02
1323,1323,1159,39,13:20:36,2017-05-02
1324,1324,173,19,13:30:26,2017-05-02
1325,1325,256,43,13:38:39,2017-05-02
1326,1326,544,48,13:40:12,2017-05-02
1327,1327,384,24,13:54:30,2017-05-02
1328,1328,682,2,14:15:57,2017-05-02
1329,1329,1382,29,14:18:57,2017-05-02
1330,1330,1898,33,14:34:45,2017-05-02
1331,1331,1117,43,14:38:28,2017-05-02
1332,1332,1127,24,14:51:06,2017-05-02
1333,1333,1249,2,15:07:04,2017-05-02
1334,1334,791,1,15:50:54,2017-05-02
1335,1335,1756,0,16:00:11,2017-05-02
1336,1336,1028,21,16:02:55,2017-05-02
1337,1337,1654,13,16:06:15,2017-05-02
1338,1338,1791,16,16:10:39,2017-05-02
1339,1339,57,2,16:28:31,2017-05-02
1340,1340,1498,39,17:00:39,2017-05-02
1341,1341,1312,13,17:06:43,2017-05-02
1342,1342,29,32,17:21:01,2017-05-02
1343,1343,1812,4,17:38:30,2017-05-02
1344,1344,434,43,17:40:56,2017-05-02
1345,1345,1815,22,18:23:51,2017-05-02
1346,1346,976,29,18:30:13,2017-05-02
1347,1347,879,40,18:34:29,2017-05-02
1348,1348,604,1,18:34:39,2017-05-02
1349,1349,1068,33,18:36:19,2017-05-02
1350,1350,415,40,18:38:10,2017-05-02
1351,1351,432,43,18:54:21,2017-05-02
1352,1352,291,20,18:58:14,2017-05-02
1353,1353,1018,27,19:38:29,2017-05-02
1354,1354,85,1,19:39:12,2017-05-02
1355,1355,524,4,20:04:34,2017-05-02
1356,1356,1846,34,20:10:48,2017-05-02
1357,1357,1324,25,20:29:47,2017-05-02
1358,1358,329,22,20:40:43,2017-05-02
1359,1359,492,36,21:04:20,2017-05-02
1360,1360,1640,30,21:29:47,2017-05-02
1361,1361,1452,16,21:37:38,2017-05-02
1362,1362,870,24,21:40:27,2017-05-02
1363,1363,1238,22,21:55:38,2017-05-02
1364,1364,99,30,22:31:25,2017-05-02
1365,1365,313,38,22:36:14,2017-05-02
1366,1366,1586,47,08:31:14,2017-05-03
1367,1367,11,7,08:39:03,2017-05-03
1368,1368,1018,17,09:02:24,2017-05-03
1369,1369,528,10,09:03:51,2017-05-03
1370,1370,392,50,09:07:51,2017-05-03
1371,1371,1354,27,09:17:28,2017-05-03
1372,1372,1514,51,09:21:09,2017-05-03
1373,1373,563,35,09:39:11,2017-05-03
1374,1374,663,0,09:43:26,2017-05-03
1375,1375,712,44,10:14:28,2017-05-03
1376,1376,1938,35,10:28:31,2017-05-03
1377,1377,1729,23,10:28:39,2017-05-03
1378,1378,826,8,10:35:29,2017-05-03
1379,1379,1449,44,10:42:52,2017-05-03
1380,1380,1352,10,11:13:24,2017-05-03
1381,1381,606,37,11:37:28,2017-05-03
1382,1382,1969,34,11:56:51,2017-05-03
1383,1383,894,38,12:22:30,2017-05-03
1384,1384,1365,5,12:41:55,2017-05-03
1385,1385,1334,26,12:49:25,2017-05-03
1386,1386,1750,4,13:13:14,2017-05-03
1387,1387,1808,21,13:27:45,2017-05-03
1388,1388,1491,26,13:36:33,2017-05-03
1389,1389,71,27,13:50:21,2017-05-03
1390,1390,1049,25,14:21:43,2017-05-03
1391,1391,831,5,14:30:41,2017-05-03
1392,1392,1414,33,14:40:57,2017-05-03
1393,1393,511,36,14:44:48,2017-05-03
1394,1394,1204,23,15:32:03,2017-05-03
1395,1395,652,14,15:39:23,2017-05-03
1396,1396,1532,23,15:48:15,2017-05-03
1397,1397,104,33,15:52:31,2017-05-03
1398,1398,183,34,16:02:59,2017-05-03
1399,1399,5,5,16:05:07,2017-05-03
1400,1400,1840,16,16:07:07,2017-05-03
1401,1401,517,46,16:37:58,2017-05-03
1402,1402,1234,36,16:50:58,2017-05-03
1403,1403,1481,49,16:56:25,2017-05-03
1404,1404,899,36,17:02:04,2017-05-03
1405,1405,1636,28,17:14:03,2017-05-03
1406,1406,1379,27,17:18:09,2017-05-03
1407,1407,625,32,17:29:35,2017-05-03
1408,1408,1955,23,18:02:27,2017-05-03
1409,1409,41,23,18:28:21,2017-05-03
1410,1410,1007,9,18:31:11,2017-05-03
1411,1411,928,26,18:35:09,2017-05-03
1412,1412,1529,13,18:38:51,2017-05-03
1413,1413,859,0,18:47:59,2017-05-03
1414,1414,843,23,18:49:04,2017-05-03
1415,1415,404,21,19:07:43,2017-05-03
1416,1416,558,30,19:07:46,2017-05-03
1417,1417,1657,0,19:23:18,2017-05-03
1418,1418,797,4,19:33:43,2017-05-03
1419,1419,116,7,19:36:26,2017-05-03
1420,1420,113,1,19:51:01,2017-05-03
1421,1421,74,29,20:09:43,2017-05-03
1422,1422,603,41,20:41:46,2017-05-03
1423,1423,438,22,21:08:40,2017-05-03
1424,1424,221,39,21:14:13,2017-05-03
1425,1425,394,1,21:29:42,2017-05-03
1426,1426,1665,12,21:51:43,2017-05-03
1427,1427,1421,19,21:52:46,2017-05-03
1428,1428,408,40,21:54:01,2017-05-03
1429,1429,150,33,22:05:25,2017-05-03
1430,1430,2013,6,22:50:39,2017-05-03
1431,1431,966,27,08:37:38,2017-05-04
1432,1432,854,0,08:37:44,2017-05-04
1433,1433,1872,34,09:25:13,2017-05-04
1434,1434,1182,10,10:08:45,2017-05-04
1435,1435,2009,35,10:15:21,2017-05-04
1436,1436,839,51,10:16:59,2017-05-04
1437,1437,1841,7,10:27:36,2017-05-04
1438,1438,1898,10,10:55:36,2017-05-04
1439,1439,1829,11,10:57:12,2017-05-04
1440,1440,847,11,11:10:55,2017-05-04
1441,1441,882,10,11:34:00,2017-05-04
1442,1442,2049,7,11:41:27,2017-05-04
1443,1443,1315,31,11:51:56,2017-05-04
1444,1444,905,34,12:01:53,2017-05-04
1445,1445,1993,0,12:11:57,2017-05-04
1446,1446,214,21,12:14:48,2017-05-04
1447,1447,1714,1,12:17:47,2017-05-04
1448,1448,1027,27,12:41:12,2017-05-04
1449,1449,702,41,13:24:28,2017-05-04
1450,1450,519,4,13:43:06,2017-05-04
1451,1451,248,1,13:53:18,2017-05-04
1452,1452,219,34,13:57:36,2017-05-04
1453,1453,1487,46,14:33:05,2017-05-04
1454,1454,2007,12,14:33:26,2017-05-04
1455,1455,1618,48,14:36:18,2017-05-04
1456,1456,247,17,14:38:12,2017-05-04
1457,1457,24,6,14:57:18,2017-05-04
1458,1458,242,40,14:59:42,2017-05-04
1459,1459,531,2,15:11:42,2017-05-04
1460,1460,1140,12,15:17:54,2017-05-04
1461,1461,952,40,15:53:44,2017-05-04
1462,1462,1452,16,15:56:25,2017-05-04
1463,1463,1465,17,16:22:53,2017-05-04
1464,1464,311,13,16:36:15,2017-05-04
1465,1465,547,40,16:50:18,2017-05-04
1466,1466,14,46,17:11:59,2017-05-04
1467,1467,630,13,17:16:51,2017-05-04
1468,1468,1373,5,17:27:10,2017-05-04
1469,1469,907,30,17:33:08,2017-05-04
1470,1470,148,4,17:42:49,2017-05-04
1471,1471,737,3,18:01:53,2017-05-04
1472,1472,18,30,18:14:48,2017-05-04
1473,1473,670,45,18:27:49,2017-05-04
1474,1474,1320,27,18:38:59,2017-05-04
1475,1475,1394,19,18:42:51,2017-05-04
1476,1476,1022,23,18:55:39,2017-05-04
1477,1477,92,21,19:25:58,2017-05-04
1478,1478,873,14,19:32:14,2017-05-04
1479,1479,1356,53,19:34:18,2017-05-04
1480,1480,1650,34,19:46:38,2017-05-04
1481,1481,672,42,20:04:16,2017-05-04
1482,1482,807,23,20:05:21,2017-05-04
1483,1483,1822,53,20:30:25,2017-05-04
1484,1484,1162,4,21:01:06,2017-05-04
1485,1485,739,25,21:10:41,2017-05-04
1486,1486,1304,43,21:17:04,2017-05-04
1487,1487,1180,49,21:29:16,2017-05-04
1488,1488,1098,22,21:47:05,2017-05-04
1489,1489,676,12,22:33:37,2017-05-04
1490,1490,732,47,08:00:26,2017-05-05
1491,1491,120,47,08:12:52,2017-05-05
1492,1492,152,27,08:20:08,2017-05-05
1493,1493,105,7,08:32:27,2017-05-05
1494,1494,1078,27,08:41:29,2017-05-05
1495,1495,154,10,09:07:05,2017-05-05
1496,1496,597,34,09:28:37,2017-05-05
1497,1497,1969,37,09:29:32,2017-05-05
1498,1498,265,7,09:34:13,2017-05-05
1499,1499,1178,11,09:39:05,2017-05-05
1500,1500,515,0,10:01:41,2017-05-05
1501,1501,1675,27,10:08:32,2017-05-05
1502,1502,159,35,10:15:10,2017-05-05
1503,1503,1784,47,10:17:03,2017-05-05
1504,1504,1538,10,10:28:16,2017-05-05
1505,1505,935,11,10:29:32,2017-05-05
1506,1506,1884,50,11:02:13,2017-05-05
1507,1507,687,17,11:23:31,2017-05-05
1508,1508,463,52,11:28:40,2017-05-05
1509,1509,633,50,11:38:03,2017-05-05
1510,1510,1919,8,11:50:29,2017-05-05
1511,1511,891,34,12:16:18,2017-05-05
1512,1512,1672,3,12:19:46,2017-05-05
1513,1513,1528,9,12:42:13,2017-05-05
1514,1514,872,7,13:18:18,2017-05-05
1515,1515,1008,39,13:20:15,2017-05-05
1516,1516,1423,28,13:34:20,2017-05-05
1517,1517,1064,46,13:41:07,2017-05-05
1518,1518,1653,36,13:55:43,2017-05-05
1519,1519,642,20,14:05:32,2017-05-05
1520,1520,895,27,14:05:49,2017-05-05
1521,1521,1051,5,14:08:39,2017-05-05
1522,1522,744,0,14:31:35,2017-05-05
1523,1523,1852,13,15:01:15,2017-05-05
1524,1524,619,2,15:36:24,2017-05-05
1525,1525,1486,22,15:50:12,2017-05-05
1526,1526,1593,13,16:04:18,2017-05-05
1527,1527,1985,42,16:12:53,2017-05-05
1528,1528,549,25,16:30:02,2017-05-05
1529,1529,1786,36,16:43:26,2017-05-05
1530,1530,1492,26,16:47:29,2017-05-05
1531,1531,1950,29,16:57:12,2017-05-05
1532,1532,1733,46,17:05:39,2017-05-05
1533,1533,1206,40,17:08:12,2017-05-05
1534,1534,924,4,17:15:50,2017-05-05
1535,1535,681,40,17:30:00,2017-05-05
1536,1536,1642,49,17:42:45,2017-05-05
1537,1537,1421,28,17:49:15,2017-05-05
1538,1538,2092,5,17:57:20,2017-05-05
1539,1539,1584,30,18:10:38,2017-05-05
1540,1540,327,15,18:43:24,2017-05-05
1541,1541,2000,16,18:44:09,2017-05-05
1542,1542,110,49,18:47:33,2017-05-05
1543,1543,1409,25,18:58:50,2017-05-05
1544,1544,1801,26,19:38:00,2017-05-05
1545,1545,1396,42,20:16:34,2017-05-05
1546,1546,1182,16,20:29:06,2017-05-05
1547,1547,331,27,20:29:11,2017-05-05
1548,1548,1805,2,21:19:52,2017-05-05
1549,1549,312,25,21:26:41,2017-05-05
1550,1550,1858,20,21:26:49,2017-05-05
1551,1551,816,4,22:14:22,2017-05-05
1552,1552,443,24,22:20:23,2017-05-05
1553,1553,1887,40,22:48:05,2017-05-05
1554,1554,1949,44,08:11:32,2017-05-06
1555,1555,1469,17,08:48:32,2017-05-06
1556,1556,2099,51,08:52:13,2017-05-06
1557,1557,1304,44,08:56:11,2017-05-06
1558,1558,1423,51,09:09:01,2017-05-06
1559,1559,1348,47,09:10:02,2017-05-06
1560,1560,1924,35,09:11:50,2017-05-06
1561,1561,1335,52,09:14:04,2017-05-06
1562,1562,1204,52,09:15:11,2017-05-06
1563,1563,660,34,09:28:15,2017-05-06
1564,1564,1213,27,09:40:23,2017-05-06
1565,1565,1084,51,09:48:05,2017-05-06
1566,1566,1786,51,10:07:36,2017-05-06
1567,1567,752,7,10:10:51,2017-05-06
1568,1568,1562,53,10:25:01,2017-05-06
1569,1569,1795,27,10:33:47,2017-05-06
1570,1570,1154,52,10:41:28,2017-05-06
1571,1571,1614,51,10:48:30,2017-05-06
1572,1572,1509,7,10:53:54,2017-05-06
1573,1573,1734,35,10:54:29,2017-05-06
1574,1574,1866,50,11:11:36,2017-05-06
1575,1575,108,50,11:19:12,2017-05-06
1576,1576,1782,0,11:19:21,2017-05-06
1577,1577,1717,50,11:32:08,2017-05-06
1578,1578,1268,18,11:36:26,2017-05-06
1579,1579,394,27,12:05:33,2017-05-06
1580,1580,1877,30,12:05:52,2017-05-06
1581,1581,1358,39,12:09:22,2017-05-06
1582,1582,1836,45,12:43:45,2017-05-06
1583,1583,314,24,13:37:24,2017-05-06
1584,1584,1863,45,13:44:48,2017-05-06
1585,1585,1512,49,13:51:17,2017-05-06
1586,1586,2126,40,13:58:51,2017-05-06
1587,1587,1607,11,14:16:54,2017-05-06
1588,1588,406,16,14:19:35,2017-05-06
1589,1589,723,19,14:23:59,2017-05-06
1590,1590,1232,49,15:27:11,2017-05-06
1591,1591,1641,23,15:36:54,2017-05-06
1592,1592,2114,43,15:44:27,2017-05-06
1593,1593,164,32,16:41:13,2017-05-06
1594,1594,1067,9,17:15:37,2017-05-06
1595,1595,257,2,17:19:56,2017-05-06
1596,1596,78,40,17:21:03,2017-05-06
1597,1597,1978,53,17:25:26,2017-05-06
1598,1598,1146,27,17:29:00,2017-05-06
1599,1599,1230,27,17:41:42,2017-05-06
1600,1600,1979,1,17:46:34,2017-05-06
1601,1601,1691,7,17:55:26,2017-05-06
1602,1602,973,45,17:59:46,2017-05-06
1603,1603,1870,16,18:41:45,2017-05-06
1604,1604,1764,3,18:43:55,2017-05-06
1605,1605,433,17,18:44:53,2017-05-06
1606,1606,65,15,18:52:45,2017-05-06
1607,1607,1243,53,18:55:22,2017-05-06
1608,1608,1281,42,18:56:45,2017-05-06
1609,1609,1125,3,19:05:52,2017-05-06
1610,1610,343,32,19:06:50,2017-05-06
1611,1611,391,48,19:13:32,2017-05-06
1612,1612,1465,26,19:17:41,2017-05-06
1613,1613,770,6,19:32:41,2017-05-06
1614,1614,668,0,19:40:57,2017-05-06
1615,1615,1486,38,19:41:49,2017-05-06
1616,1616,1056,25,19:53:58,2017-05-06
1617,1617,723,6,20:03:58,2017-05-06
1618,1618,2180,45,20:08:21,2017-05-06
1619,1619,14,16,20:08:55,2017-05-06
1620,1620,1471,21,20:56:06,2017-05-06
1621,1621,879,13,20:58:38,2017-05-06
1622,1622,515,13,21:07:39,2017-05-06
1623,1623,334,24,21:40:29,2017-05-06
1624,1624,758,6,21:43:00,2017-05-06
1625,1625,844,16,21:47:34,2017-05-06
1626,1626,950,13,22:13:30,2017-05-06
1627,1627,1557,20,22:19:43,2017-05-06
1628,1628,1670,41,22:23:46,2017-05-06
1629,1629,1023,49,22:25:24,2017-05-06
1630,1630,2192,22,22:49:21,2017-05-06
1631,1631,825,20,22:51:40,2017-05-06
1632,1632,1313,36,22:59:04,2017-05-06
1633,1633,696,8,08:01:07,2017-05-07
1634,1634,2173,54,09:37:50,2017-05-07
1635,1635,742,7,09:41:07,2017-05-07
1636,1636,253,0,09:52:20,2017-05-07
1637,1637,966,37,10:15:32,2017-05-07
1638,1638,877,23,10:28:54,2017-05-07
1639,1639,886,23,10:50:44,2017-05-07
1640,1640,2228,18,10:54:46,2017-05-07
1641,1641,879,52,10:55:33,2017-05-07
1642,1642,1714,35,11:02:55,2017-05-07
1643,1643,124,52,11:21:14,2017-05-07
1644,1644,906,50,11:27:23,2017-05-07
1645,1645,357,10,11:33:24,2017-05-07
1646,1646,1283,10,11:35:35,2017-05-07
1647,1647,1183,45,12:15:30,2017-05-07
1648,1648,956,21,12:21:10,2017-05-07
1649,1649,801,34,12:21:21,2017-05-07
1650,1650,2013,5,12:32:25,2017-05-07
1651,1651,2269,26,12:44:04,2017-05-07
1652,1652,763,41,12:47:23,2017-05-07
1653,1653,1684,25,13:39:56,2017-05-07
1654,1654,1869,42,13:40:48,2017-05-07
1655,1655,1530,54,14:03:26,2017-05-07
1656,1656,1476,25,14:10:21,2017-05-07
1657,1657,927,43,14:24:19,2017-05-07
1658,1658,1334,38,14:26:33,2017-05-07
1659,1659,1393,4,14:29:47,2017-05-07
1660,1660,547,12,14:37:14,2017-05-07
1661,1661,254,4,15:30:02,2017-05-07
1662,1662,794,38,15:36:45,2017-05-07
1663,1663,705,23,15:37:53,2017-05-07
1664,1664,69,6,15:39:17,2017-05-07
1665,1665,1758,22,15:48:38,2017-05-07
1666,1666,1901,9,15:56:43,2017-05-07
1667,1667,508,38,16:11:21,2017-05-07
1668,1668,364,29,16:23:16,2017-05-07
1669,1669,1679,19,16:36:14,2017-05-07
1670,1670,77,5,16:40:58,2017-05-07
1671,1671,563,26,17:19:38,2017-05-07
1672,1672,1609,1,17:41:56,2017-05-07
1673,1673,613,38,18:04:16,2017-05-07
1674,1674,793,34,18:35:30,2017-05-07
1675,1675,501,39,18:56:10,2017-05-07
1676,1676,269,26,19:07:17,2017-05-07
1677,1677,1885,29,19:10:35,2017-05-07
1678,1678,1884,24,19:10:45,2017-05-07
1679,1679,1493,3,19:11:03,2017-05-07
1680,1680,1366,32,19:45:04,2017-05-07
1681,1681,1580,53,20:22:34,2017-05-07
1682,1682,1813,43,20:41:23,2017-05-07
1683,1683,470,25,20:42:10,2017-05-07
1684,1684,2035,4,21:13:48,2017-05-07
1685,1685,355,43,21:16:27,2017-05-07
1686,1686,1254,42,21:29:48,2017-05-07
1687,1687,1092,4,21:30:59,2017-05-07
1688,1688,788,13,21:37:51,2017-05-07
1689,1689,2045,36,21:49:31,2017-05-07
1690,1690,1971,20,22:18:26,2017-05-07
1691,1691,1450,16,22:21:23,2017-05-07
1692,1692,273,42,22:23:43,2017-05-07
1693,1693,2126,1,22:41:38,2017-05-07
1694,1694,153,35,08:00:51,2017-05-08
1695,1695,1853,23,08:03:31,2017-05-08
1696,1696,2184,44,08:33:10,2017-05-08
1697,1697,667,7,08:40:59,2017-05-08
1698,1698,1519,35,09:11:28,2017-05-08
1699,1699,1490,10,09:15:07,2017-05-08
1700,1700,162,44,09:40:25,2017-05-08
1701,1701,378,54,10:00:54,2017-05-08
1702,1702,1147,52,10:33:02,2017-05-08
1703,1703,1859,57,10:51:37,2017-05-08
1704,1704,888,23,11:01:25,2017-05-08
1705,1705,405,50,11:19:05,2017-05-08
1706,1706,1068,31,11:24:39,2017-05-08
1707,1707,1784,47,11:39:42,2017-05-08
1708,1708,2118,54,11:42:56,2017-05-08
1709,1709,1801,23,11:46:03,2017-05-08
1710,1710,1241,52,11:51:18,2017-05-08
1711,1711,1022,29,12:03:17,2017-05-08
1712,1712,328,12,12:15:37,2017-05-08
1713,1713,70,7,12:20:41,2017-05-08
1714,1714,1153,23,12:37:06,2017-05-08
1715,1715,744,12,12:40:48,2017-05-08
1716,1716,1580,9,12:47:06,2017-05-08
1717,1717,800,17,13:14:57,2017-05-08
1718,1718,463,0,13:18:37,2017-05-08
1719,1719,929,13,13:38:25,2017-05-08
1720,1720,19,22,13:49:10,2017-05-08
1721,1721,1725,46,14:11:04,2017-05-08
1722,1722,500,41,14:14:04,2017-05-08
1723,1723,1798,17,14:40:15,2017-05-08
1724,1724,1085,9,14:52:09,2017-05-08
1725,1725,100,12,15:47:54,2017-05-08
1726,1726,373,26,16:06:21,2017-05-08
1727,1727,1536,6,16:16:44,2017-05-08
1728,1728,403,0,16:18:56,2017-05-08
1729,1729,63,6,16:23:37,2017-05-08
1730,1730,708,9,16:30:19,2017-05-08
1731,1731,2297,17,16:51:22,2017-05-08
1732,1732,1543,24,17:18:53,2017-05-08
1733,1733,965,45,17:24:41,2017-05-08
1734,1734,1012,16,18:01:24,2017-05-08
1735,1735,1847,19,18:15:42,2017-05-08
1736,1736,2142,42,18:45:22,2017-05-08
1737,1737,863,13,18:50:17,2017-05-08
1738,1738,1074,55,18:57:12,2017-05-08
1739,1739,1005,30,19:01:04,2017-05-08
1740,1740,1181,2,19:09:36,2017-05-08
1741,1741,454,39,19:12:33,2017-05-08
1742,1742,521,0,19:20:09,2017-05-08
1743,1743,2332,19,19:21:54,2017-05-08
1744,1744,2000,28,19:52:09,2017-05-08
1745,1745,1448,48,19:55:39,2017-05-08
1746,1746,505,16,20:00:56,2017-05-08
1747,1747,1136,41,20:01:13,2017-05-08
1748,1748,1890,19,20:06:11,2017-05-08
1749,1749,1656,12,20:14:04,2017-05-08
1750,1750,437,0,20:34:38,2017-05-08
1751,1751,171,21,21:00:36,2017-05-08
1752,1752,1662,36,21:16:14,2017-05-08
1753,1753,2054,40,21:24:16,2017-05-08
1754,1754,2285,58,21:25:06,2017-05-08
1755,1755,314,55,21:28:03,2017-05-08
1756,1756,1973,58,21:37:48,2017-05-08
1757,1757,1256,38,21:43:49,2017-05-08
1758,1758,1907,1,21:46:33,2017-05-08
1759,1759,1108,13,22:19:28,2017-05-08
1760,1760,752,19,22:21:12,2017-05-08
1761,1761,1529,38,22:39:34,2017-05-08
1762,1762,974,38,22:46:41,2017-05-08
1763,1763,901,55,22:48:06,2017-05-08
1764,1764,930,43,22:56:17,2017-05-08
1765,1765,480,31,08:07:22,2017-05-09
1766,1766,2267,7,08:18:46,2017-05-09
1767,1767,142,10,08:26:52,2017-05-09
1768,1768,298,51,08:28:59,2017-05-09
1769,1769,1658,0,08:37:25,2017-05-09
1770,1770,1099,47,08:40:51,2017-05-09
1771,1771,424,52,08:58:12,2017-05-09
1772,1772,693,51,09:09:58,2017-05-09
1773,1773,957,11,09:18:24,2017-05-09
1774,1774,1302,54,09:19:08,2017-05-09
1775,1775,1887,23,09:58:35,2017-05-09
1776,1776,2115,8,10:06:19,2017-05-09
1777,1777,1322,60,10:10:37,2017-05-09
1778,1778,1332,57,10:17:08,2017-05-09
1779,1779,2258,57,10:17:11,2017-05-09
1780,1780,472,17,10:20:31,2017-05-09
1781,1781,1969,35,10:38:43,2017-05-09
1782,1782,1666,51,10:55:25,2017-05-09
1783,1783,317,11,10:57:02,2017-05-09
1784,1784,1609,0,11:13:11,2017-05-09
1785,1785,356,27,11:18:45,2017-05-09
1786,1786,1120,18,11:23:35,2017-05-09
1787,1787,1026,52,11:26:12,2017-05-09
1788,1788,1968,37,11:33:18,2017-05-09
1789,1789,295,23,11:39:08,2017-05-09
1790,1790,1045,17,11:46:04,2017-05-09
1791,1791,1672,51,11:49:10,2017-05-09
1792,1792,2041,52,11:53:21,2017-05-09
1793,1793,456,34,12:12:30,2017-05-09
1794,1794,1367,9,12:41:47,2017-05-09
1795,1795,1832,17,13:02:23,2017-05-09
1796,1796,1066,36,13:05:23,2017-05-09
1797,1797,1659,28,13:06:10,2017-05-09
1798,1798,1037,26,13:27:53,2017-05-09
1799,1799,75,16,13:45:08,2017-05-09
1800,1800,1556,36,13:51:29,2017-05-09
1801,1801,1644,23,13:59:14,2017-05-09
1802,1802,1911,30,14:25:29,2017-05-09
1803,1803,892,30,14:34:36,2017-05-09
1804,1804,772,42,14:50:59,2017-05-09
1805,1805,1018,13,14:59:10,2017-05-09
1806,1806,2306,0,15:11:37,2017-05-09
1807,1807,162,26,15:17:14,2017-05-09
1808,1808,1237,38,15:32:22,2017-05-09
1809,1809,1992,30,15:42:30,2017-05-09
1810,1810,2224,23,15:47:24,2017-05-09
1811,1811,708,27,15:57:04,2017-05-09
1812,1812,1199,9,16:00:25,2017-05-09
1813,1813,527,3,16:06:23,2017-05-09
1814,1814,189,11,16:16:59,2017-05-09
1815,1815,708,12,16:23:03,2017-05-09
1816,1816,34,34,16:35:44,2017-05-09
1817,1817,567,28,16:51:45,2017-05-09
1818,1818,359,4,17:16:54,2017-05-09
1819,1819,1646,3,17:20:35,2017-05-09
1820,1820,667,39,17:26:50,2017-05-09
1821,1821,2398,28,17:30:32,2017-05-09
1822,1822,1038,48,17:44:30,2017-05-09
1823,1823,2235,40,17:44:52,2017-05-09
1824,1824,1741,40,17:48:47,2017-05-09
1825,1825,861,9,17:58:17,2017-05-09
1826,1826,970,21,18:05:08,2017-05-09
1827,1827,1172,61,18:10:22,2017-05-09
1828,1828,1924,13,18:15:09,2017-05-09
1829,1829,878,23,18:16:33,2017-05-09
1830,1830,1994,17,18:24:26,2017-05-09
1831,1831,1158,43,18:34:32,2017-05-09
1832,1832,482,57,18:52:46,2017-05-09
1833,1833,2012,26,19:50:42,2017-05-09
1834,1834,1932,12,19:56:38,2017-05-09
1835,1835,315,33,20:00:06,2017-05-09
1836,1836,1757,12,20:04:08,2017-05-09
1837,1837,340,4,20:17:55,2017-05-09
1838,1838,158,29,20:26:46,2017-05-09
1839,1839,433,13,20:32:43,2017-05-09
1840,1840,239,54,20:32:59,2017-05-09
1841,1841,2029,43,20:33:11,2017-05-09
1842,1842,1245,20,21:04:29,2017-05-09
1843,1843,1633,49,21:04:38,2017-05-09
1844,1844,2157,13,21:27:48,2017-05-09
1845,1845,895,13,21:28:32,2017-05-09
1846,1846,1300,21,21:49:02,2017-05-09
1847,1847,1490,20,21:50:15,2017-05-09
1848,1848,325,16,22:03:31,2017-05-09
1849,1849,2223,58,22:16:36,2017-05-09
1850,1850,914,58,22:33:38,2017-05-09
1851,1851,1737,15,22:41:34,2017-05-09
1852,1852,1125,11,08:09:11,2017-05-10
1853,1853,2078,44,08:11:44,2017-05-10
1854,1854,923,44,08:16:52,2017-05-10
1855,1855,103,23,08:18:28,2017-05-10
1856,1856,1056,11,08:34:15,2017-05-10
1857,1857,2054,0,08:48:24,2017-05-10
1858,1858,1070,18,08:58:33,2017-05-10
1859,1859,2050,54,09:02:21,2017-05-10
1860,1860,1767,27,09:02:25,2017-05-10
1861,1861,1600,50,09:03:28,2017-05-10
1862,1862,69,57,09:06:25,2017-05-10
1863,1863,684,62,09:11:42,2017-05-10
1864,1864,1457,10,09:36:16,2017-05-10
1865,1865,718,11,09:48:54,2017-05-10
1866,1866,324,53,10:01:42,2017-05-10
1867,1867,1494,63,10:02:44,2017-05-10
1868,1868,1617,7,10:23:46,2017-05-10
1869,1869,1070,31,11:01:32,2017-05-10
1870,1870,665,63,11:15:57,2017-05-10
1871,1871,912,52,11:22:05,2017-05-10
1872,1872,1438,37,11:34:27,2017-05-10
1873,1873,684,27,11:49:25,2017-05-10
1874,1874,1522,53,11:56:19,2017-05-10
1875,1875,1467,27,12:08:11,2017-05-10
1876,1876,784,33,12:09:44,2017-05-10
1877,1877,602,0,12:44:23,2017-05-10
1878,1878,1514,54,12:50:01,2017-05-10
1879,1879,2301,5,12:51:09,2017-05-10
1880,1880,2234,33,13:04:07,2017-05-10
1881,1881,29,28,13:10:40,2017-05-10
1882,1882,2142,53,13:22:53,2017-05-10
1883,1883,1504,33,13:23:51,2017-05-10
1884,1884,1496,58,13:27:14,2017-05-10
1885,1885,244,23,13:50:54,2017-05-10
1886,1886,1463,4,14:12:03,2017-05-10
1887,1887,893,46,14:15:25,2017-05-10
1888,1888,1900,48,14:18:12,2017-05-10
1889,1889,1191,55,14:22:03,2017-05-10
1890,1890,2301,3,14:22:18,2017-05-10
1891,1891,147,29,14:50:23,2017-05-10
1892,1892,1316,25,14:52:06,2017-05-10
1893,1893,228,46,14:52:57,2017-05-10
1894,1894,1662,11,14:55:14,2017-05-10
1895,1895,1561,14,15:01:18,2017-05-10
1896,1896,1825,0,15:13:31,2017-05-10
1897,1897,1280,13,15:19:23,2017-05-10
1898,1898,105,56,15:45:19,2017-05-10
1899,1899,261,48,15:47:10,2017-05-10
1900,1900,563,43,15:59:15,2017-05-10
1901,1901,502,25,16:04:29,2017-05-10
1902,1902,2260,29,16:17:12,2017-05-10
1903,1903,1808,45,16:21:20,2017-05-10
1904,1904,792,32,16:32:24,2017-05-10
1905,1905,567,2,17:14:56,2017-05-10
1906,1906,366,49,17:23:24,2017-05-10
1907,1907,1515,27,17:23:39,2017-05-10
1908,1908,1050,22,17:28:32,2017-05-10
1909,1909,809,55,17:37:28,2017-05-10
1910,1910,606,58,17:41:27,2017-05-10
1911,1911,1636,24,17:46:32,2017-05-10
1912,1912,1465,53,17:49:16,2017-05-10
1913,1913,1360,13,17:50:39,2017-05-10
1914,1914,1037,27,18:08:23,2017-05-10
1915,1915,1216,25,18:09:26,2017-05-10
1916,1916,203,16,18:12:46,2017-05-10
1917,1917,279,41,18:21:27,2017-05-10
1918,1918,513,6,18:22:03,2017-05-10
1919,1919,1807,4,18:28:00,2017-05-10
1920,1920,1422,26,18:55:38,2017-05-10
1921,1921,1402,4,19:02:50,2017-05-10
1922,1922,1731,43,19:26:31,2017-05-10
1923,1923,764,13,19:35:12,2017-05-10
1924,1924,2435,22,19:53:03,2017-05-10
1925,1925,1245,45,20:06:27,2017-05-10
1926,1926,396,22,20:33:35,2017-05-10
1927,1927,1344,27,20:42:48,2017-05-10
1928,1928,642,36,20:51:20,2017-05-10
1929,1929,1503,19,21:02:26,2017-05-10
1930,1930,476,20,21:04:01,2017-05-10
1931,1931,416,55,21:09:29,2017-05-10
1932,1932,2096,30,21:24:25,2017-05-10
1933,1933,1483,13,21:36:24,2017-05-10
1934,1934,185,22,21:40:08,2017-05-10
1935,1935,1872,64,21:49:17,2017-05-10
1936,1936,1575,43,21:54:10,2017-05-10
1937,1937,1801,43,21:55:31,2017-05-10
1938,1938,562,38,22:07:44,2017-05-10
1939,1939,1026,1,22:26:43,2017-05-10
1940,1940,1443,13,22:33:05,2017-05-10
1941,1941,2051,24,22:49:42,2017-05-10
1942,1942,2123,63,08:20:50,2017-05-11
1943,1943,2371,0,08:42:21,2017-05-11
1944,1944,293,47,09:04:52,2017-05-11
1945,1945,228,59,09:16:35,2017-05-11
1946,1946,342,63,09:18:49,2017-05-11
1947,1947,2462,8,09:22:08,2017-05-11
1948,1948,1347,50,09:25:58,2017-05-11
1949,1949,2237,59,10:14:05,2017-05-11
1950,1950,361,53,10:16:12,2017-05-11
1951,1951,1206,34,10:17:36,2017-05-11
1952,1952,126,7,10:49:45,2017-05-11
1953,1953,2426,17,10:50:16,2017-05-11
1954,1954,1807,27,10:58:05,2017-05-11
1955,1955,1859,51,11:02:57,2017-05-11
1956,1956,185,35,11:09:09,2017-05-11
1957,1957,1968,52,11:13:51,2017-05-11
1958,1958,2289,31,11:22:11,2017-05-11
1959,1959,569,44,11:24:06,2017-05-11
1960,1960,1394,60,11:27:29,2017-05-11
1961,1961,2366,30,12:14:46,2017-05-11
1962,1962,2277,26,12:24:30,2017-05-11
1963,1963,684,0,12:25:18,2017-05-11
1964,1964,966,27,12:37:30,2017-05-11
1965,1965,223,34,12:54:26,2017-05-11
1966,1966,1041,62,13:22:34,2017-05-11
1967,1967,1883,23,13:24:06,2017-05-11
1968,1968,23,26,14:35:18,2017-05-11
1969,1969,2123,49,14:37:28,2017-05-11
1970,1970,243,0,14:44:15,2017-05-11
1971,1971,383,64,14:54:36,2017-05-11
1972,1972,1182,5,15:05:57,2017-05-11
1973,1973,217,42,15:11:25,2017-05-11
1974,1974,1159,6,15:14:58,2017-05-11
1975,1975,1818,28,15:16:38,2017-05-11
1976,1976,652,28,15:18:25,2017-05-11
1977,1977,2311,38,15:33:17,2017-05-11
1978,1978,2241,32,15:36:08,2017-05-11
1979,1979,1712,58,16:04:14,2017-05-11
1980,1980,1875,12,16:05:46,2017-05-11
1981,1981,2395,30,16:18:46,2017-05-11
1982,1982,1138,45,16:36:46,2017-05-11
1983,1983,1674,1,16:38:50,2017-05-11
1984,1984,1784,56,16:42:56,2017-05-11
1985,1985,1283,6,16:57:10,2017-05-11
1986,1986,61,2,17:04:39,2017-05-11
1987,1987,2466,49,17:11:30,2017-05-11
1988,1988,2150,7,17:14:52,2017-05-11
1989,1989,2350,24,17:22:07,2017-05-11
1990,1990,1845,34,17:31:55,2017-05-11
1991,1991,317,28,17:35:37,2017-05-11
1992,1992,2441,30,17:43:46,2017-05-11
1993,1993,1306,26,17:46:51,2017-05-11
1994,1994,848,9,18:01:26,2017-05-11
1995,1995,2070,54,18:08:24,2017-05-11
1996,1996,1105,40,18:12:58,2017-05-11
1997,1997,1114,22,18:37:48,2017-05-11
1998,1998,2076,19,18:43:56,2017-05-11
1999,1999,1334,42,18:49:02,2017-05-11
